,coef(표준화),원단위 계수,r_b1,r_b2,r_b3,부호 일관(r),|coef| 순위,|coef|>1e-3 횟수(20),+부호,-부호,coef 중앙값
log_var,-0.08277682335784885,-0.36057302116829104,-0.8435131185195512,-0.9184092162658564,-0.7621387275364684,일관,1,20,0,20,-0.05150325784071165
QD_2,0.0222878811771186,2.723132274227685,0.15658710913885576,-0.2253539535133871,0.17051544025664586,,2,20,20,0,0.02095475431262795
QD_max_minus_2,-0.01795631852972118,-14.103486317527603,0.28907206479846437,-0.31279021327496315,0.1009165104558271,,3,20,0,20,-0.014461932335593673
dQ_kurt,-0.005605063563695847,-0.09842917736853908,0.021880065275137625,0.652521104622621,0.34086147007744866,,4,14,0,14,-0.0049303328066294255
Tmax_max,-0.0004449443419501024,-0.0003292288148023988,-0.10371487381786082,-0.053306110642808616,-0.08956362891140227,,5,11,0,11,-0.0010729670263663277
chargetime_2_6,9.023259637196043e-05,0.00011309189415245377,0.5748612653360105,-0.9415448947470053,0.6007640278282298,,6,10,10,0,0.0013552176156671667
log_abs_min,-0.0,-0.0,-0.8212017719245781,-0.9013543265238502,-0.7438993766584491,일관,11,15,0,15,-0.020354374295605358
dQ_mean,0.0,0.0,0.7984529481914173,0.7906961463217295,0.7195296070398325,일관,11,2,1,1,0.0
dQ_skew,0.0,0.0,-0.434353628026939,-0.1263059806721038,0.18769277666188455,,11,1,0,1,0.0
QD_100_minus_2,0.0,0.0,0.5189541326947225,-0.16584961411323285,0.3711514139049323,,11,0,0,0,0.0
fade_slope_2_100,0.0,0.0,0.5519373076891454,-0.3604523089801941,0.43236784098486547,,11,2,2,0,0.0
fade_intercept_2_100,0.0,0.0,0.14313496146343535,-0.15287606593062525,0.14340029032939836,,11,1,1,0,0.0
Tavg_mean,-0.0,-0.0,-0.15608837348928062,0.392749903608743,-0.014209667354044497,,11,1,0,1,0.0
Tmax_mean,-0.0,-0.0,-0.15035656745952075,-0.01866527209677389,-0.11128028136329042,,11,2,0,2,0.0
Tmin_mean,0.0,0.0,-0.04807973363400421,0.5216240660759601,0.03398305764490471,,11,2,2,0,0.0
