cell_id,batch,structure,policy,y_true,y_pred,ape,log_var,over_under,model
b2c44,b2,new,5.2C(58%)-4C-newstructure,841.0,1451.6802563635592,72.61358577450169,-4.364523625430775,over,C_elasticnet
b3c42,b3,new,4.8C(80%)-4.8C-newstructure,1642.0,471.5790218383091,71.28020573457314,-4.346194968957672,under,C_elasticnet
b3c37,b3,new,4.8C(80%)-4.8C-newstructure,1390.0,580.9188111640794,58.20727977236838,-5.098855645354507,under,C_elasticnet
b2c9,b2,new,5.6C(26%)-4.5C-newstructure,791.0,1217.3370362724495,53.89848751864093,-4.344425558301067,over,C_elasticnet
b2c31,b2,old,5.6C(26%)-4.5C,425.0,615.9971965840051,44.94051684329532,-3.3523588458514006,over,C_elasticnet
b2c2,b2,old,5.2C(50%)-4.25C,424.0,592.6003554588884,39.76423477803973,-3.4602484070785873,over,C_elasticnet
b2c13,b2,old,4.65C(69%)-6C,460.0,629.0306733808309,36.745798561050194,-3.344447743249342,over,C_elasticnet
b3c38,b3,new,5C(67%)-4C-newstructure,1935.0,1234.569783445928,36.19794400796237,-4.342052885751192,under,C_elasticnet
b2c4,b2,old,4.65C(69%)-6C,444.0,603.7375724839222,35.97693073962213,-3.2325068379275077,over,C_elasticnet
b3c2,b3,new,5.6C(19%)-4.6C-newstructure,1267.0,821.2037166310103,35.18518416487685,-4.779380430348688,under,C_elasticnet
