model,structure,n_cells,mape,median_log_resid,n_over
A_linear,old,30,31.86920394977711,0.12114699089745562,30
A_linear,new,9,17.527022571751914,0.025676393754116678,8
B_ridge,old,30,34.844197223278044,0.13084200438271942,30
B_ridge,new,9,15.254199413783851,0.01088154457558499,6
B_elasticnet,old,30,34.40639320287163,0.12767218598152286,30
B_elasticnet,new,9,15.792183408415058,0.018672537411655643,6
C_elasticnet,old,30,25.636794469968287,0.10869668847911718,28
C_elasticnet,new,9,25.594778999265344,0.07319835506934114,8
B_rf,old,30,34.96389827627165,0.1238970303118947,30
B_rf,new,9,12.777982453295124,0.010816228463732536,5
B_gbr,old,30,37.714152384582576,0.12864697103123568,30
B_gbr,new,9,11.514570182379682,0.014916185811421734,5
