cell_id,batch,structure,policy,model,split,y_true,y_pred,ape
b1c5,b1,old,4.4C(80%)-4.4C,C_elasticnet,paper_train,1074.0,973.3615636505876,9.370431689889418
b1c7,b1,old,4.8C(80%)-4.8C,C_elasticnet,paper_train,870.0,816.8102392640596,6.113765601832225
b1c11,b1,old,5.4C(50%)-3C,C_elasticnet,paper_train,788.0,909.008298367768,15.356383041594926
b1c15,b1,old,5.4C(60%)-3C,C_elasticnet,paper_train,719.0,796.7311876021463,10.811013574707411
b1c17,b1,old,5.4C(60%)-3.6C,C_elasticnet,paper_train,857.0,792.7769567434063,7.49393736949751
b1c19,b1,old,5.4C(70%)-3C,C_elasticnet,paper_train,788.0,688.7470347989301,12.595553959526631
b1c21,b1,old,5.4C(80%)-5.4C,C_elasticnet,paper_train,559.0,488.5928237950584,12.595201467789197
b1c24,b1,old,6C(40%)-3C,C_elasticnet,paper_train,1017.0,863.9152225471026,15.05258382034389
b1c26,b1,old,6C(40%)-3.6C,C_elasticnet,paper_train,870.0,767.2412590001373,11.811349540214099
b1c28,b1,old,6C(50%)-3C,C_elasticnet,paper_train,860.0,800.4201098841588,6.927894199516417
b1c30,b1,old,6C(50%)-3.6C,C_elasticnet,paper_train,709.0,731.0125897781509,3.1047376273837615
b1c32,b1,old,6C(60%)-3C,C_elasticnet,paper_train,731.0,696.2106165668812,4.75914958045401
b1c34,b1,old,7C(30%)-3.6C,C_elasticnet,paper_train,742.0,813.1652735772781,9.59100722065742
b1c36,b1,old,7C(40%)-3C,C_elasticnet,paper_train,704.0,708.1746891934753,0.5929956240731923
b1c38,b1,old,7C(40%)-3.6C,C_elasticnet,paper_train,617.0,604.8893828056351,1.962822884013754
b1c40,b1,old,8C(15%)-3.6C,C_elasticnet,paper_train,966.0,918.828566057966,4.883171215531471
b1c42,b1,old,8C(25%)-3.6C,C_elasticnet,paper_train,702.0,689.6059515306303,1.7655339699956907
b1c44,b1,old,8C(35%)-3.6C,C_elasticnet,paper_train,616.0,585.3895168522541,4.969234277231472
b2c0,b2,old,5.2C(58%)-4C,C_elasticnet,paper_train,477.0,489.41422604974093,2.6025631131532356
b2c2,b2,old,5.2C(50%)-4.25C,C_elasticnet,paper_train,424.0,495.0313304025752,16.7526722647583
b2c4,b2,old,4.65C(69%)-6C,C_elasticnet,paper_train,444.0,486.35776993386185,9.540038273392309
b2c6,b2,old,3.6C(9%)-5C,C_elasticnet,paper_train,393.0,391.6365594751031,0.346931431271469
b2c8,b2,new,5.2C(58%)-4C-newstructure,C_elasticnet,paper_train,904.0,872.6793567566428,3.464672925150128
b2c10,b2,old,4.8C(80%)-4.8C,C_elasticnet,paper_train,492.0,496.95884444006845,1.0078952113960256
b2c12,b2,old,4.65C(44%)-5C,C_elasticnet,paper_train,466.0,402.5156328599427,13.623254751085263
b2c14,b2,old,3.6C(30%)-6C,C_elasticnet,paper_train,426.0,455.9209193222348,7.023689981745257
b2c16,b2,old,4.8C(80%)-4.8C,C_elasticnet,paper_train,472.0,461.72578687929513,2.176740067945947
b2c18,b2,old,5.2C(50%)-4.25C,C_elasticnet,paper_train,449.0,463.5066306377648,3.2308754204375885
b2c20,b2,old,5.2C(58%)-4C,C_elasticnet,paper_train,489.0,506.6751331062986,3.614546647504821
b2c24,b2,old,4.8C(80%)-4.8C,C_elasticnet,paper_train,514.0,542.059758929545,5.459097068004855
b2c26,b2,old,5.6C(26%)-4.5C,C_elasticnet,paper_train,450.0,495.14896780222864,10.033103956050809
b2c28,b2,old,4.8C(80%)-4.8C,C_elasticnet,paper_train,437.0,463.83666897118474,6.141114181049138
b2c30,b2,old,5.6C(26%)-4.5C,C_elasticnet,paper_train,412.0,432.87866935212423,5.067638192263164
b2c32,b2,new,4.8C(80%)-4.8C-newstructure,C_elasticnet,paper_train,809.0,790.4136852746612,2.297443105727905
b2c34,b2,new,5.6C(26%)-4.5C-newstructure,C_elasticnet,paper_train,1186.0,1094.9251056610672,7.679164784058417
b2c42,b2,old,5.2C(50%)-4.25C,C_elasticnet,paper_train,474.0,442.56707940519954,6.631417847004317
b2c44,b2,new,5.2C(58%)-4C-newstructure,C_elasticnet,paper_train,841.0,1063.7949227373847,26.491667388511853
b2c46,b2,old,4.8C(80%)-4.8C,C_elasticnet,paper_train,503.0,585.7625158864028,16.453780494314664
b1c6,b1,old,4.8C(80%)-4.8C,C_elasticnet,paper_test,636.0,720.9421604095913,13.355685598992348
b1c9,b1,old,5.4C(40%)-3.6C,C_elasticnet,paper_test,1054.0,866.9818868991533,17.74365399438773
b1c14,b1,old,5.4C(60%)-3C,C_elasticnet,paper_test,880.0,822.3833337820615,6.547348433856645
b1c16,b1,old,5.4C(60%)-3.6C,C_elasticnet,paper_test,862.0,807.6221818642007,6.308331570278343
b1c18,b1,old,5.4C(70%)-3C,C_elasticnet,paper_test,691.0,679.5318707841284,1.6596424335559499
b1c20,b1,old,5.4C(80%)-5.4C,C_elasticnet,paper_test,534.0,465.5741667552163,12.813826450334023
b1c23,b1,old,6C(30%)-3.6C,C_elasticnet,paper_test,1014.0,932.562908432043,8.031271357786691
b1c25,b1,old,6C(40%)-3C,C_elasticnet,paper_test,854.0,892.419774137446,4.49880259220679
b1c27,b1,old,6C(40%)-3.6C,C_elasticnet,paper_test,842.0,795.7692982828762,5.49058215167741
b1c29,b1,old,6C(50%)-3C,C_elasticnet,paper_test,917.0,788.348512932326,14.029606005198907
b1c31,b1,old,6C(50%)-3.6C,C_elasticnet,paper_test,876.0,766.4317168448769,12.50779488072182
b1c33,b1,old,6C(60%)-3C,C_elasticnet,paper_test,757.0,665.7302049549661,12.056776095777266
b1c35,b1,old,7C(30%)-3.6C,C_elasticnet,paper_test,703.0,769.8501055366332,9.50926110051682
b1c37,b1,old,7C(40%)-3C,C_elasticnet,paper_test,648.0,725.4921845360559,11.958670453095047
b1c39,b1,old,7C(40%)-3.6C,C_elasticnet,paper_test,625.0,612.6675045356086,1.9731992743026239
b1c41,b1,old,8C(15%)-3.6C,C_elasticnet,paper_test,1051.0,923.2766691353218,12.152552889122575
b1c43,b1,old,8C(25%)-3.6C,C_elasticnet,paper_test,651.0,753.4087346944315,15.730988432324345
b1c45,b1,old,8C(35%)-3.6C,C_elasticnet,paper_test,599.0,577.1722292801676,3.6440351786030742
b2c1,b2,old,5.6C(26%)-4.5C,C_elasticnet,paper_test,491.0,443.293082012983,9.716276575767209
b2c3,b2,old,4.65C(44%)-5C,C_elasticnet,paper_test,499.0,396.1093466851728,20.619369401768978
b2c5,b2,old,3.6C(30%)-6C,C_elasticnet,paper_test,416.0,324.24343716483276,22.05686606614597
b2c7,b2,new,4.8C(80%)-4.8C-newstructure,C_elasticnet,paper_test,777.0,499.4383545525813,35.722219491302276
b2c9,b2,new,5.6C(26%)-4.5C-newstructure,C_elasticnet,paper_test,791.0,981.5680454126791,24.092041139403175
b2c11,b2,old,5.2C(50%)-4.25C,C_elasticnet,paper_test,449.0,391.72161251517065,12.756879172567784
b2c13,b2,old,4.65C(69%)-6C,C_elasticnet,paper_test,460.0,577.3309557211312,25.50672950459374
b2c15,b2,old,3.6C(9%)-5C,C_elasticnet,paper_test,396.0,442.45278763881186,11.730501928992892
b2c17,b2,old,5.6C(26%)-4.5C,C_elasticnet,paper_test,471.0,234.9737744567884,50.1117251684101
b2c19,b2,old,6C(60%)-3C,C_elasticnet,paper_test,392.0,337.2184429966902,13.97488699064025
b2c21,b2,old,6C(60%)-3C,C_elasticnet,paper_test,408.0,370.39603566148577,9.216657926106429
b2c25,b2,old,5.2C(58%)-4C,C_elasticnet,paper_test,493.0,514.5996676743881,4.381271333547285
b2c27,b2,old,5.2C(50%)-4.25C,C_elasticnet,paper_test,474.0,398.3145193557057,15.967400979808918
b2c29,b2,old,5.2C(58%)-4C,C_elasticnet,paper_test,452.0,358.8424627907161,20.610074603823865
b2c31,b2,old,5.6C(26%)-4.5C,C_elasticnet,paper_test,425.0,496.9915636516453,16.93919144744596
b2c33,b2,new,5.2C(58%)-4C-newstructure,C_elasticnet,paper_test,1140.0,1015.6722807614382,10.905940284084371
b2c41,b2,old,5.6C(26%)-4.5C,C_elasticnet,paper_test,442.0,491.0852949520616,11.105270351145155
b2c43,b2,new,4.8C(80%)-4.8C-newstructure,C_elasticnet,paper_test,1029.0,965.8172478633386,6.1402091483635965
b2c45,b2,new,5.6C(26%)-4.5C-newstructure,C_elasticnet,paper_test,997.0,830.0213758307264,16.748106737138784
b3c0,b3,new,5C(67%)-4C-newstructure,C_elasticnet,secondary,1009.0,977.928018252617,3.0794828292748275
b3c1,b3,new,5.3C(54%)-4C-newstructure,C_elasticnet,secondary,1063.0,954.5658023993452,10.200771175978813
b3c2,b3,new,5.6C(19%)-4.6C-newstructure,C_elasticnet,secondary,1267.0,1829.6590633872884,44.40876585535031
b3c3,b3,new,5.6C(36%)-4.3C-newstructure,C_elasticnet,secondary,1115.0,899.9859387196842,19.283772312135945
b3c4,b3,new,5.6C(19%)-4.6C-newstructure,C_elasticnet,secondary,1048.0,986.0459195567092,5.911648897260569
b3c5,b3,new,5.6C(36%)-4.3C-newstructure,C_elasticnet,secondary,828.0,873.2008778662988,5.45904322056749
b3c6,b3,new,3.7C(31%)-5.9C-newstructure,C_elasticnet,secondary,667.0,514.1912939048626,22.90985098877622
b3c7,b3,new,4.8C(80%)-4.8C-newstructure,C_elasticnet,secondary,1836.0,1105.1101864304464,39.808813375248015
b3c8,b3,new,5C(67%)-4C-newstructure,C_elasticnet,secondary,828.0,870.3786881508448,5.118199052034399
b3c9,b3,new,5.3C(54%)-4C-newstructure,C_elasticnet,secondary,1039.0,812.5518310695832,21.79481895384185
b3c10,b3,new,4.8C(80%)-4.8C-newstructure,C_elasticnet,secondary,1078.0,1119.4980575915474,3.8495415205517087
b3c11,b3,new,5.6C(19%)-4.6C-newstructure,C_elasticnet,secondary,817.0,796.638144749651,2.4922711444735595
b3c12,b3,new,5.6C(36%)-4.3C-newstructure,C_elasticnet,secondary,932.0,834.6894249834714,10.44104882151594
b3c13,b3,new,5.6C(19%)-4.6C-newstructure,C_elasticnet,secondary,816.0,860.2059334853287,5.417393809476559
b3c14,b3,new,5.6C(36%)-4.3C-newstructure,C_elasticnet,secondary,858.0,794.5291592403911,7.397533888066306
b3c15,b3,new,5.9C(15%)-4.6C-newstructure,C_elasticnet,secondary,876.0,889.2346994827093,1.5108104432316538
b3c16,b3,new,4.8C(80%)-4.8C-newstructure,C_elasticnet,secondary,1638.0,1228.65172862399,24.990736958242366
b3c17,b3,new,5.3C(54%)-4C-newstructure,C_elasticnet,secondary,1315.0,1050.6978208318953,20.09902503179503
b3c18,b3,new,5.6C(19%)-4.6C-newstructure,C_elasticnet,secondary,1146.0,931.0275053728079,18.758507384571736
b3c19,b3,new,5.6C(36%)-4.3C-newstructure,C_elasticnet,secondary,1155.0,910.8749089555837,21.136371518997084
b3c20,b3,new,5C(67%)-4C-newstructure,C_elasticnet,secondary,813.0,934.4621394108774,14.939992547463396
b3c21,b3,new,3.7C(31%)-5.9C-newstructure,C_elasticnet,secondary,772.0,592.4386742511333,23.25923908664076
b3c22,b3,new,5.9C(60%)-3.1C-newstructure,C_elasticnet,secondary,1002.0,859.8253376557,14.189088058313375
b3c24,b3,new,5C(67%)-4C-newstructure,C_elasticnet,secondary,825.0,841.6183937510958,2.0143507577085846
b3c25,b3,new,5.3C(54%)-4C-newstructure,C_elasticnet,secondary,989.0,845.1050223501119,14.549542735074633
b3c26,b3,new,5.6C(19%)-4.6C-newstructure,C_elasticnet,secondary,1028.0,880.0551422903947,14.391523123502465
b3c27,b3,new,5.6C(36%)-4.3C-newstructure,C_elasticnet,secondary,850.0,848.3675082656775,0.19205785109675963
b3c28,b3,new,3.7C(31%)-5.9C-newstructure,C_elasticnet,secondary,541.0,451.50016546568247,16.543407492480135
b3c29,b3,new,5.9C(15%)-4.6C-newstructure,C_elasticnet,secondary,858.0,870.0586192142955,1.405433474859616
b3c30,b3,new,5.3C(54%)-4C-newstructure,C_elasticnet,secondary,935.0,947.852356109071,1.374583541077115
b3c31,b3,new,5.9C(60%)-3.1C-newstructure,C_elasticnet,secondary,731.0,759.9659566280911,3.9625111666335338
b3c33,b3,new,5C(67%)-4C-newstructure,C_elasticnet,secondary,1284.0,1075.976752873939,16.20118747087703
b3c34,b3,new,5.3C(54%)-4C-newstructure,C_elasticnet,secondary,1158.0,947.2036118166641,18.20348775331053
b3c35,b3,new,5.6C(19%)-4.6C-newstructure,C_elasticnet,secondary,1093.0,955.3695662780684,12.591988446654307
b3c36,b3,new,5.6C(36%)-4.3C-newstructure,C_elasticnet,secondary,923.0,923.5098198879576,0.055235090786309095
b3c37,b3,new,4.8C(80%)-4.8C-newstructure,C_elasticnet,secondary,1390.0,1828.8161016985025,31.569503719316728
b3c38,b3,new,5C(67%)-4C-newstructure,C_elasticnet,secondary,1935.0,1050.8141547437733,45.69435892797037
b3c39,b3,new,5.3C(54%)-4C-newstructure,C_elasticnet,secondary,1156.0,1090.905498823919,5.631012212463749
b3c40,b3,new,5.6C(19%)-4.6C-newstructure,C_elasticnet,secondary,796.0,983.4450321956483,23.54837087885029
b3c41,b3,new,5.6C(36%)-4.3C-newstructure,C_elasticnet,secondary,786.0,1002.7235357235703,27.572968921573832
b3c42,b3,new,4.8C(80%)-4.8C-newstructure,C_elasticnet,secondary,1642.0,2172.2881133398637,32.295256598042855
b3c43,b3,new,5C(67%)-4C-newstructure,C_elasticnet,secondary,1046.0,1499.3904874556438,43.345170884860785
b3c44,b3,new,5.3C(54%)-4C-newstructure,C_elasticnet,secondary,940.0,935.6158468188703,0.4663992745882664
b3c45,b3,new,4.8C(80%)-4.8C-newstructure,C_elasticnet,secondary,1801.0,1228.6229492874083,31.781068890204978
b1c5,b1,old,4.4C(80%)-4.4C,A_linear,paper_train,1074.0,942.512844732624,12.242751887092739
b1c7,b1,old,4.8C(80%)-4.8C,A_linear,paper_train,870.0,704.5333731093167,19.019152516170497
b1c11,b1,old,5.4C(50%)-3C,A_linear,paper_train,788.0,918.8088933944261,16.600113374927176
b1c15,b1,old,5.4C(60%)-3C,A_linear,paper_train,719.0,829.1315267910373,15.317319442425223
b1c17,b1,old,5.4C(60%)-3.6C,A_linear,paper_train,857.0,798.1664502085381,6.865058318723677
b1c19,b1,old,5.4C(70%)-3C,A_linear,paper_train,788.0,603.8711492087685,23.36660543035932
b1c21,b1,old,5.4C(80%)-5.4C,A_linear,paper_train,559.0,487.19505559306936,12.845249446678112
b1c24,b1,old,6C(40%)-3C,A_linear,paper_train,1017.0,778.3930374586084,23.461844890992285
b1c26,b1,old,6C(40%)-3.6C,A_linear,paper_train,870.0,694.3580947702362,20.188724739053306
b1c28,b1,old,6C(50%)-3C,A_linear,paper_train,860.0,722.2744431141946,16.01459963788435
b1c30,b1,old,6C(50%)-3.6C,A_linear,paper_train,709.0,666.9738327433384,5.9275271165954235
b1c32,b1,old,6C(60%)-3C,A_linear,paper_train,731.0,616.7795459448404,15.625233112880931
b1c34,b1,old,7C(30%)-3.6C,A_linear,paper_train,742.0,724.523906204818,2.355268705550136
b1c36,b1,old,7C(40%)-3C,A_linear,paper_train,704.0,628.2008891813372,10.766919150378241
b1c38,b1,old,7C(40%)-3.6C,A_linear,paper_train,617.0,520.3691789146168,15.661397258571025
b1c40,b1,old,8C(15%)-3.6C,A_linear,paper_train,966.0,854.1076419832779,11.5830598360996
b1c42,b1,old,8C(25%)-3.6C,A_linear,paper_train,702.0,626.3795880689557,10.772138451715707
b1c44,b1,old,8C(35%)-3.6C,A_linear,paper_train,616.0,515.2766342185504,16.35119574374182
b2c0,b2,old,5.2C(58%)-4C,A_linear,paper_train,477.0,543.3311390341969,13.905899168594738
b2c2,b2,old,5.2C(50%)-4.25C,A_linear,paper_train,424.0,531.7651509085265,25.416309176539265
b2c4,b2,old,4.65C(69%)-6C,A_linear,paper_train,444.0,443.55364187051333,0.10053111024474516
b2c6,b2,old,3.6C(9%)-5C,A_linear,paper_train,393.0,562.1600990827654,43.04328220935507
b2c8,b2,new,5.2C(58%)-4C-newstructure,A_linear,paper_train,904.0,886.8333543243155,1.8989652296111228
b2c10,b2,old,4.8C(80%)-4.8C,A_linear,paper_train,492.0,527.8206456511527,7.280619034787144
b2c12,b2,old,4.65C(44%)-5C,A_linear,paper_train,466.0,421.33048255048067,9.585733358265951
b2c14,b2,old,3.6C(30%)-6C,A_linear,paper_train,426.0,405.05978628238773,4.915543126200063
b2c16,b2,old,4.8C(80%)-4.8C,A_linear,paper_train,472.0,546.636922275974,15.812907261858905
b2c18,b2,old,5.2C(50%)-4.25C,A_linear,paper_train,449.0,647.4014898582819,44.18741422233451
b2c20,b2,old,5.2C(58%)-4C,A_linear,paper_train,489.0,523.8026279272428,7.117101825612032
b2c24,b2,old,4.8C(80%)-4.8C,A_linear,paper_train,514.0,614.0454321090389,19.464091850007563
b2c26,b2,old,5.6C(26%)-4.5C,A_linear,paper_train,450.0,439.8762087446176,2.249731390084978
b2c28,b2,old,4.8C(80%)-4.8C,A_linear,paper_train,437.0,516.3904439737887,18.167149650752563
b2c30,b2,old,5.6C(26%)-4.5C,A_linear,paper_train,412.0,427.22398933321585,3.6951430420426834
b2c32,b2,new,4.8C(80%)-4.8C-newstructure,A_linear,paper_train,809.0,907.5862990685052,12.186192715513627
b2c34,b2,new,5.6C(26%)-4.5C-newstructure,A_linear,paper_train,1186.0,1168.3595269400585,1.4873923322041773
b2c42,b2,old,5.2C(50%)-4.25C,A_linear,paper_train,474.0,541.3109709867277,14.20062679044889
b2c44,b2,new,5.2C(58%)-4C-newstructure,A_linear,paper_train,841.0,1092.6986064619516,29.928490661349777
b2c46,b2,old,4.8C(80%)-4.8C,A_linear,paper_train,503.0,552.7635606172365,9.893352011379031
b1c6,b1,old,4.8C(80%)-4.8C,A_linear,paper_test,636.0,679.9421814169632,6.909148021535093
b1c9,b1,old,5.4C(40%)-3.6C,A_linear,paper_test,1054.0,856.9495871725886,18.695485087989695
b1c14,b1,old,5.4C(60%)-3C,A_linear,paper_test,880.0,847.9107146092051,3.646509703499419
b1c16,b1,old,5.4C(60%)-3.6C,A_linear,paper_test,862.0,884.710764742851,2.6346594829293486
b1c18,b1,old,5.4C(70%)-3C,A_linear,paper_test,691.0,618.5589026095423,10.48351626489981
b1c20,b1,old,5.4C(80%)-5.4C,A_linear,paper_test,534.0,493.79674376475606,7.528699669521337
b1c23,b1,old,6C(30%)-3.6C,A_linear,paper_test,1014.0,844.355056000949,16.73027061134625
b1c25,b1,old,6C(40%)-3C,A_linear,paper_test,854.0,835.7214225644288,2.140348645851423
b1c27,b1,old,6C(40%)-3.6C,A_linear,paper_test,842.0,727.4653054930296,13.602695309616433
b1c29,b1,old,6C(50%)-3C,A_linear,paper_test,917.0,718.5849829281951,21.637406441854402
b1c31,b1,old,6C(50%)-3.6C,A_linear,paper_test,876.0,684.7542483264114,21.831706812053497
b1c33,b1,old,6C(60%)-3C,A_linear,paper_test,757.0,626.9794312379668,17.175768660770572
b1c35,b1,old,7C(30%)-3.6C,A_linear,paper_test,703.0,681.9640659285847,2.992309256246848
b1c37,b1,old,7C(40%)-3C,A_linear,paper_test,648.0,630.4250687636545,2.712180746349613
b1c39,b1,old,7C(40%)-3.6C,A_linear,paper_test,625.0,550.8555786570478,11.863107414872356
b1c41,b1,old,8C(15%)-3.6C,A_linear,paper_test,1051.0,865.2687990839917,17.67185546298842
b1c43,b1,old,8C(25%)-3.6C,A_linear,paper_test,651.0,627.3398187839547,3.6344364387166386
b1c45,b1,old,8C(35%)-3.6C,A_linear,paper_test,599.0,517.1646727716337,13.661991190044454
b2c1,b2,old,5.6C(26%)-4.5C,A_linear,paper_test,491.0,467.3232751697641,4.822143549946214
b2c3,b2,old,4.65C(44%)-5C,A_linear,paper_test,499.0,547.2302209931916,9.665374948535382
b2c5,b2,old,3.6C(30%)-6C,A_linear,paper_test,416.0,394.666133539966,5.128333283662023
b2c7,b2,new,4.8C(80%)-4.8C-newstructure,A_linear,paper_test,777.0,982.9864665840323,26.510484759849717
b2c9,b2,new,5.6C(26%)-4.5C-newstructure,A_linear,paper_test,791.0,1075.3470594304752,35.947795123953874
b2c11,b2,old,5.2C(50%)-4.25C,A_linear,paper_test,449.0,542.5218164280504,20.828912344777383
b2c13,b2,old,4.65C(69%)-6C,A_linear,paper_test,460.0,484.9148492329205,5.416271572374026
b2c15,b2,old,3.6C(9%)-5C,A_linear,paper_test,396.0,556.0207031252154,40.409268465963486
b2c17,b2,old,5.6C(26%)-4.5C,A_linear,paper_test,471.0,549.0205359078757,16.564869619506513
b2c19,b2,old,6C(60%)-3C,A_linear,paper_test,392.0,465.06083536619025,18.637968205660776
b2c21,b2,old,6C(60%)-3C,A_linear,paper_test,408.0,478.1007853065079,17.18156502610487
b2c25,b2,old,5.2C(58%)-4C,A_linear,paper_test,493.0,564.1507855688021,14.432208026126192
b2c27,b2,old,5.2C(50%)-4.25C,A_linear,paper_test,474.0,542.8721076259651,14.529980511806983
b2c29,b2,old,5.2C(58%)-4C,A_linear,paper_test,452.0,552.4876282326065,22.231776157656313
b2c31,b2,old,5.6C(26%)-4.5C,A_linear,paper_test,425.0,487.9798187537338,14.818780883231483
b2c33,b2,new,5.2C(58%)-4C-newstructure,A_linear,paper_test,1140.0,982.9539098973552,13.775972816021476
b2c41,b2,old,5.6C(26%)-4.5C,A_linear,paper_test,442.0,422.8086989883557,4.341923305801884
b2c43,b2,new,4.8C(80%)-4.8C-newstructure,A_linear,paper_test,1029.0,1014.8967275952472,1.3705804086251534
b2c45,b2,new,5.6C(26%)-4.5C-newstructure,A_linear,paper_test,997.0,939.7671382924933,5.740507693832165
b3c0,b3,new,5C(67%)-4C-newstructure,A_linear,secondary,1009.0,993.5688843266871,1.529347440367977
b3c1,b3,new,5.3C(54%)-4C-newstructure,A_linear,secondary,1063.0,1026.0810517558589,3.4730901452625704
b3c2,b3,new,5.6C(19%)-4.6C-newstructure,A_linear,secondary,1267.0,1520.5319802205488,20.010416749845998
b3c3,b3,new,5.6C(36%)-4.3C-newstructure,A_linear,secondary,1115.0,896.9093671459815,19.55969801381332
b3c4,b3,new,5.6C(19%)-4.6C-newstructure,A_linear,secondary,1048.0,942.2033601473596,10.09509922258019
b3c5,b3,new,5.6C(36%)-4.3C-newstructure,A_linear,secondary,828.0,895.3507877479268,8.134153109652996
b3c6,b3,new,3.7C(31%)-5.9C-newstructure,A_linear,secondary,667.0,560.2241391862054,16.008374934601886
b3c7,b3,new,4.8C(80%)-4.8C-newstructure,A_linear,secondary,1836.0,1206.3308616727743,34.29570470191861
b3c8,b3,new,5C(67%)-4C-newstructure,A_linear,secondary,828.0,879.3648226901101,6.203481001221032
b3c9,b3,new,5.3C(54%)-4C-newstructure,A_linear,secondary,1039.0,805.9196215849753,22.4331451795019
b3c10,b3,new,4.8C(80%)-4.8C-newstructure,A_linear,secondary,1078.0,1134.225317692203,5.215706650482645
b3c11,b3,new,5.6C(19%)-4.6C-newstructure,A_linear,secondary,817.0,745.7792167231953,8.71735413424782
b3c12,b3,new,5.6C(36%)-4.3C-newstructure,A_linear,secondary,932.0,783.4479018463917,15.939066325494455
b3c13,b3,new,5.6C(19%)-4.6C-newstructure,A_linear,secondary,816.0,881.2315607070851,7.994063812142785
b3c14,b3,new,5.6C(36%)-4.3C-newstructure,A_linear,secondary,858.0,817.1467368567771,4.761452580795207
b3c15,b3,new,5.9C(15%)-4.6C-newstructure,A_linear,secondary,876.0,817.8087423794224,6.64283762791982
b3c16,b3,new,4.8C(80%)-4.8C-newstructure,A_linear,secondary,1638.0,1421.1532604342965,13.238506688992887
b3c17,b3,new,5.3C(54%)-4C-newstructure,A_linear,secondary,1315.0,1160.13285372061,11.776969298812928
b3c18,b3,new,5.6C(19%)-4.6C-newstructure,A_linear,secondary,1146.0,1000.6662744690799,12.681825962558474
b3c19,b3,new,5.6C(36%)-4.3C-newstructure,A_linear,secondary,1155.0,937.3205889448567,18.846702255856563
b3c20,b3,new,5C(67%)-4C-newstructure,A_linear,secondary,813.0,861.7137819142409,5.991855094002576
b3c21,b3,new,3.7C(31%)-5.9C-newstructure,A_linear,secondary,772.0,645.8687952420163,16.338238958288045
b3c22,b3,new,5.9C(60%)-3.1C-newstructure,A_linear,secondary,1002.0,848.4191175429008,15.327433378952012
b3c24,b3,new,5C(67%)-4C-newstructure,A_linear,secondary,825.0,924.9457171386326,12.114632380440318
b3c25,b3,new,5.3C(54%)-4C-newstructure,A_linear,secondary,989.0,918.5632148927136,7.122020738856054
b3c26,b3,new,5.6C(19%)-4.6C-newstructure,A_linear,secondary,1028.0,973.5104262096245,5.300542197507346
b3c27,b3,new,5.6C(36%)-4.3C-newstructure,A_linear,secondary,850.0,906.6226869068308,6.661492577274215
b3c28,b3,new,3.7C(31%)-5.9C-newstructure,A_linear,secondary,541.0,528.1393019289493,2.3772085159058607
b3c29,b3,new,5.9C(15%)-4.6C-newstructure,A_linear,secondary,858.0,859.8157601895156,0.21162706171510165
b3c30,b3,new,5.3C(54%)-4C-newstructure,A_linear,secondary,935.0,885.2830583460137,5.317319962993185
b3c31,b3,new,5.9C(60%)-3.1C-newstructure,A_linear,secondary,731.0,719.341623704751,1.594853118365118
b3c33,b3,new,5C(67%)-4C-newstructure,A_linear,secondary,1284.0,1120.3471879464842,12.745546110086902
b3c34,b3,new,5.3C(54%)-4C-newstructure,A_linear,secondary,1158.0,1042.6532063907891,9.960863005976758
b3c35,b3,new,5.6C(19%)-4.6C-newstructure,A_linear,secondary,1093.0,985.4857552584243,9.836618915057246
b3c36,b3,new,5.6C(36%)-4.3C-newstructure,A_linear,secondary,923.0,1000.1928905678058,8.36326008318589
b3c37,b3,new,4.8C(80%)-4.8C-newstructure,A_linear,secondary,1390.0,1961.0971560582468,41.08612633512567
b3c38,b3,new,5C(67%)-4C-newstructure,A_linear,secondary,1935.0,1073.316896321938,44.53142654666987
b3c39,b3,new,5.3C(54%)-4C-newstructure,A_linear,secondary,1156.0,1174.0028932836863,1.5573437096614413
b3c40,b3,new,5.6C(19%)-4.6C-newstructure,A_linear,secondary,796.0,1033.9278491393663,29.89043330896562
b3c41,b3,new,5.6C(36%)-4.3C-newstructure,A_linear,secondary,786.0,973.5118178190662,23.85646537138247
b3c42,b3,new,4.8C(80%)-4.8C-newstructure,A_linear,secondary,1642.0,1076.8635443296016,34.41756733680867
b3c43,b3,new,5C(67%)-4C-newstructure,A_linear,secondary,1046.0,1051.9018842216258,0.564233673195581
b3c44,b3,new,5.3C(54%)-4C-newstructure,A_linear,secondary,940.0,907.6075756757951,3.4460025876813676
b3c45,b3,new,4.8C(80%)-4.8C-newstructure,A_linear,secondary,1801.0,1237.5778777536236,31.283849097522285
