cell_id,batch,structure,model,split,y_true,y_pred,ape
b1c9,b1,old,A_linear,train_cv,1054.0,885.0489178946519,16.029514431247442
b1c11,b1,old,A_linear,train_cv,788.0,983.066280389424,24.754604110333002
b1c14,b1,old,A_linear,train_cv,880.0,926.389590624648,5.271544389164546
b1c15,b1,old,A_linear,train_cv,719.0,909.0830890399405,26.437147293454878
b1c16,b1,old,A_linear,train_cv,862.0,940.0841808636833,9.05848965936001
b1c17,b1,old,A_linear,train_cv,857.0,866.2764273850402,1.082430266632458
b1c18,b1,old,A_linear,train_cv,691.0,694.2988902741993,0.47740814387833086
b1c19,b1,old,A_linear,train_cv,788.0,680.9254955378697,13.588135084026693
b1c20,b1,old,A_linear,train_cv,534.0,590.1184442195262,10.50907195122213
b1c21,b1,old,A_linear,train_cv,559.0,583.6264691961071,4.405450661199841
b1c23,b1,old,A_linear,train_cv,1014.0,875.7715973841302,13.63199236842897
b1c24,b1,old,A_linear,train_cv,1017.0,849.186859020787,16.500800489598134
b1c25,b1,old,A_linear,train_cv,854.0,898.4969338504926,5.210413799823491
b1c26,b1,old,A_linear,train_cv,870.0,761.9684457134234,12.417420032939837
b1c27,b1,old,A_linear,train_cv,842.0,787.6513701404256,6.454706634153733
b1c28,b1,old,A_linear,train_cv,860.0,787.1038115860155,8.476300978370295
b1c29,b1,old,A_linear,train_cv,917.0,783.848189441105,14.520371925724648
b1c30,b1,old,A_linear,train_cv,709.0,756.8681122153444,6.751496786367328
b1c31,b1,old,A_linear,train_cv,876.0,773.8220437763142,11.66415025384541
b1c32,b1,old,A_linear,train_cv,731.0,708.464884338973,3.082779160195215
b1c33,b1,old,A_linear,train_cv,757.0,718.0801004492067,5.141334154662255
b1c34,b1,old,A_linear,train_cv,742.0,785.383423391037,5.846822559438951
b1c35,b1,old,A_linear,train_cv,703.0,752.2634750274397,7.007606689536224
b1c36,b1,old,A_linear,train_cv,704.0,716.2359270138899,1.738057814472992
b1c37,b1,old,A_linear,train_cv,648.0,718.2493704043777,10.840952222897796
b1c42,b1,old,A_linear,train_cv,702.0,717.8889482696632,2.2633829443964615
b1c43,b1,old,A_linear,train_cv,651.0,718.8154921235808,10.417126286264338
b1c44,b1,old,A_linear,train_cv,616.0,598.8708263551576,2.7807100072796027
b1c45,b1,old,A_linear,train_cv,599.0,600.6461665775072,0.274819128131417
b1c5,b1,old,A_linear,holdout,1074.0,985.317643691706,8.257202635781558
b1c6,b1,old,A_linear,holdout,636.0,760.3994711798783,19.559665279855086
b1c7,b1,old,A_linear,holdout,870.0,782.1420218703383,10.098618175823178
b1c38,b1,old,A_linear,holdout,617.0,614.9859907899078,0.32641964507167587
b1c39,b1,old,A_linear,holdout,625.0,643.4075491346775,2.945207861548406
b1c40,b1,old,A_linear,holdout,966.0,911.2411995013906,5.668612888054802
b1c41,b1,old,A_linear,holdout,1051.0,920.6776611849018,12.399841942445118
b2c0,b2,old,A_linear,b2,477.0,629.4923846333766,31.96905338225924
b2c1,b2,old,A_linear,b2,491.0,553.0280919720901,12.633012621606952
b2c2,b2,old,A_linear,b2,424.0,617.9593591638846,45.745131878274684
b2c3,b2,old,A_linear,b2,499.0,633.3725423662047,26.928365203648237
b2c4,b2,old,A_linear,b2,444.0,528.7668379410882,19.09163016691175
b2c5,b2,old,A_linear,b2,416.0,478.2777734374481,14.970618614771178
b2c6,b2,old,A_linear,b2,393.0,648.1943012789447,64.93493671219969
b2c7,b2,new,A_linear,b2,777.0,1047.7637450324492,34.84732883300504
b2c8,b2,new,A_linear,b2,904.0,959.0578937088687,6.090474967795214
b2c9,b2,new,A_linear,b2,791.0,1131.8261364376656,43.088007134976685
b2c10,b2,old,A_linear,b2,492.0,614.018059829538,24.80041866454023
b2c11,b2,old,A_linear,b2,449.0,628.6865001319926,40.019265062804585
b2c12,b2,old,A_linear,b2,466.0,505.9181762920024,8.566132251502658
b2c13,b2,old,A_linear,b2,460.0,570.8715626001479,24.102513608727794
b2c14,b2,old,A_linear,b2,426.0,489.08218875132314,14.808025528479613
b2c15,b2,old,A_linear,b2,396.0,642.1061513425499,62.14801801579542
b2c16,b2,old,A_linear,b2,472.0,632.7823746817239,34.064062432568626
b2c17,b2,old,A_linear,b2,471.0,635.1528642524546,34.8519881640031
b2c18,b2,old,A_linear,b2,449.0,731.8065438409564,62.98586722515732
b2c19,b2,old,A_linear,b2,392.0,550.7264665876679,40.491445558078546
b2c20,b2,old,A_linear,b2,489.0,609.9990466006025,24.74418130891666
b2c21,b2,old,A_linear,b2,408.0,563.9709113504953,38.22816454669002
b2c24,b2,old,A_linear,b2,514.0,699.2843991096353,36.04754846490958
b2c25,b2,old,A_linear,b2,493.0,650.1663597621298,31.879586158647015
b2c26,b2,old,A_linear,b2,450.0,524.997227332141,16.666050518253567
b2c27,b2,old,A_linear,b2,474.0,629.0353239857566,32.70787425859844
b2c28,b2,old,A_linear,b2,437.0,602.5736156574828,37.88869923512193
b2c29,b2,old,A_linear,b2,452.0,638.5982859704226,41.282806630624464
b2c30,b2,old,A_linear,b2,412.0,511.9937293462301,24.27032265685197
b2c31,b2,old,A_linear,b2,425.0,573.9710239514756,35.05200563564131
b2c32,b2,new,A_linear,b2,809.0,978.3133297220951,20.928718136229307
b2c33,b2,new,A_linear,b2,1140.0,1047.7339230317507,8.093515523530641
b2c34,b2,new,A_linear,b2,1186.0,1215.4607576967733,2.484043650655419
b2c41,b2,old,A_linear,b2,442.0,507.443170364771,14.806147141350904
b2c42,b2,old,A_linear,b2,474.0,627.4804827029757,32.379848671513855
b2c43,b2,new,A_linear,b2,1029.0,1076.9276391988592,4.657690884242877
b2c44,b2,new,A_linear,b2,841.0,1147.502992760343,36.445064537496194
b2c45,b2,new,A_linear,b2,997.0,1008.0503439940231,1.1083594778358212
b2c46,b2,old,A_linear,b2,503.0,638.8723628195655,27.01239817486392
b3c0,b3,new,A_linear,b3,1009.0,1057.449933733797,4.801777376986821
b3c1,b3,new,A_linear,b3,1063.0,1087.1186883592254,2.268926468412551
b3c2,b3,new,A_linear,b3,1267.0,1524.295411671411,20.30745159206086
b3c3,b3,new,A_linear,b3,1115.0,968.4146570229873,13.146667531570646
b3c4,b3,new,A_linear,b3,1048.0,1010.2956701988543,3.5977413932390956
b3c5,b3,new,A_linear,b3,828.0,966.9683031605651,16.783611492821876
b3c6,b3,new,A_linear,b3,667.0,646.2755151296409,3.1071191709683816
b3c7,b3,new,A_linear,b3,1836.0,1249.3310169209167,31.95364831585421
b3c8,b3,new,A_linear,b3,828.0,952.1128386656206,14.989473268794764
b3c9,b3,new,A_linear,b3,1039.0,883.3601211390835,14.97977659874076
b3c10,b3,new,A_linear,b3,1078.0,1184.8809095540123,9.914741146012274
b3c11,b3,new,A_linear,b3,817.0,826.4051006009701,1.151175104157902
b3c12,b3,new,A_linear,b3,932.0,862.1510373026571,7.494523894564692
b3c13,b3,new,A_linear,b3,816.0,953.8495101085706,16.89332231722679
b3c14,b3,new,A_linear,b3,858.0,893.9251477320972,4.187080155256087
b3c15,b3,new,A_linear,b3,876.0,894.547473409137,2.1172914850612963
b3c16,b3,new,A_linear,b3,1638.0,1438.2774421418003,12.193074350317442
b3c17,b3,new,A_linear,b3,1315.0,1208.1023479586893,8.129099014548343
b3c18,b3,new,A_linear,b3,1146.0,1063.9381100468445,7.160723381601702
b3c19,b3,new,A_linear,b3,1155.0,1005.7946755915669,12.91820990549204
b3c20,b3,new,A_linear,b3,813.0,935.6658405168811,15.088049264069012
b3c21,b3,new,A_linear,b3,772.0,730.3174217096354,5.399297706005781
b3c22,b3,new,A_linear,b3,1002.0,923.2467864554504,7.859602150154648
b3c24,b3,new,A_linear,b3,825.0,994.3725576708835,20.530006990410115
b3c25,b3,new,A_linear,b3,989.0,988.4730628686301,0.053279790836187176
b3c26,b3,new,A_linear,b3,1028.0,1039.0777848253285,1.077605527755694
b3c27,b3,new,A_linear,b3,850.0,977.4206318830924,14.990662574481457
b3c28,b3,new,A_linear,b3,541.0,614.3366105227282,13.55575055872979
b3c29,b3,new,A_linear,b3,858.0,933.8944840597388,8.845510962673524
b3c30,b3,new,A_linear,b3,935.0,957.616938178548,2.418923869363425
b3c31,b3,new,A_linear,b3,731.0,801.1656208598044,9.598580144980088
b3c33,b3,new,A_linear,b3,1284.0,1172.411057983957,8.690727571342904
b3c34,b3,new,A_linear,b3,1158.0,1102.1904328448943,4.819479028938316
b3c35,b3,new,A_linear,b3,1093.0,1050.0526850426445,3.929306034524749
b3c36,b3,new,A_linear,b3,923.0,1063.5055615847184,15.222704397044248
b3c37,b3,new,A_linear,b3,1390.0,1896.8477781432205,36.463868931166935
b3c38,b3,new,A_linear,b3,1935.0,1129.989600526385,41.60260462395943
b3c39,b3,new,A_linear,b3,1156.0,1220.5042941192955,5.579956238693386
b3c40,b3,new,A_linear,b3,796.0,1094.2592858200871,37.469759525136574
b3c41,b3,new,A_linear,b3,786.0,1039.0790612773992,32.19835385208641
b3c42,b3,new,A_linear,b3,1642.0,1133.1976681357137,30.986743718896854
b3c43,b3,new,A_linear,b3,1046.0,1110.5870835743697,6.174673381870906
b3c44,b3,new,A_linear,b3,940.0,978.3330390328997,4.077982875840394
b3c45,b3,new,A_linear,b3,1801.0,1277.0907538724014,29.089908169217026
b1c9,b1,old,B_ridge,train_cv,1054.0,857.1506877775314,18.67640533420006
b1c11,b1,old,B_ridge,train_cv,788.0,972.2238933597705,23.378666670021637
b1c14,b1,old,B_ridge,train_cv,880.0,901.9921592236554,2.4991090026881193
b1c15,b1,old,B_ridge,train_cv,719.0,900.2581603784706,25.209758049856834
b1c16,b1,old,B_ridge,train_cv,862.0,889.7407675994015,3.2181864964502855
b1c17,b1,old,B_ridge,train_cv,857.0,847.4780913321292,1.1110745236722026
b1c18,b1,old,B_ridge,train_cv,691.0,713.4482199021912,3.2486570046586434
b1c19,b1,old,B_ridge,train_cv,788.0,707.3814140604303,10.230785017711892
b1c20,b1,old,B_ridge,train_cv,534.0,595.7243702302701,11.558870829638595
b1c21,b1,old,B_ridge,train_cv,559.0,599.3645351103946,7.220847068049128
b1c23,b1,old,B_ridge,train_cv,1014.0,840.1176567843936,17.148160080434554
b1c24,b1,old,B_ridge,train_cv,1017.0,836.3460254019869,17.76341933117139
b1c25,b1,old,B_ridge,train_cv,854.0,869.0778443475704,1.7655555442119861
b1c26,b1,old,B_ridge,train_cv,870.0,758.9615008244431,12.763045882247923
b1c27,b1,old,B_ridge,train_cv,842.0,784.7212455266881,6.802702431509726
b1c28,b1,old,B_ridge,train_cv,860.0,781.8559363683642,9.0865190269344
b1c29,b1,old,B_ridge,train_cv,917.0,782.3126374687857,14.687825794025548
b1c30,b1,old,B_ridge,train_cv,709.0,768.5997767966124,8.406174442399498
b1c31,b1,old,B_ridge,train_cv,876.0,776.038029074808,11.411183895569858
b1c32,b1,old,B_ridge,train_cv,731.0,721.6999481237123,1.2722369187808125
b1c33,b1,old,B_ridge,train_cv,757.0,722.7828844020338,4.520094530774927
b1c34,b1,old,B_ridge,train_cv,742.0,777.5191738299537,4.78695065093716
b1c35,b1,old,B_ridge,train_cv,703.0,752.3012791640384,7.012984233860372
b1c36,b1,old,B_ridge,train_cv,704.0,722.199816198209,2.585201164518319
b1c37,b1,old,B_ridge,train_cv,648.0,730.4644807533476,12.72600011625735
b1c42,b1,old,B_ridge,train_cv,702.0,729.8918535462318,3.9731985108592305
b1c43,b1,old,B_ridge,train_cv,651.0,738.5106505478631,13.442496243911378
b1c44,b1,old,B_ridge,train_cv,616.0,617.3947166232106,0.22641503623548215
b1c45,b1,old,B_ridge,train_cv,599.0,618.8419452466397,3.312511727318821
b1c5,b1,old,B_ridge,holdout,1074.0,931.8121978582632,13.239087722694304
b1c6,b1,old,B_ridge,holdout,636.0,779.4996711544776,22.56284137649019
b1c7,b1,old,B_ridge,holdout,870.0,782.2656432456012,10.084408822344695
b1c38,b1,old,B_ridge,holdout,617.0,637.6344188326442,3.3443142354366615
b1c39,b1,old,B_ridge,holdout,625.0,663.2011854253074,6.112189668049178
b1c40,b1,old,B_ridge,holdout,966.0,879.7833027680323,8.925123937056698
b1c41,b1,old,B_ridge,holdout,1051.0,887.0397657996912,15.600402873483239
b2c0,b2,old,B_ridge,b2,477.0,642.3133991805521,34.656897102841114
b2c1,b2,old,B_ridge,b2,491.0,558.1515443285595,13.676485606631253
b2c2,b2,old,B_ridge,b2,424.0,645.5695732797016,52.256974830118295
b2c3,b2,old,B_ridge,b2,499.0,664.8890654249819,33.244301688373135
b2c4,b2,old,B_ridge,b2,444.0,545.5775363481342,22.877823501832033
b2c5,b2,old,B_ridge,b2,416.0,472.2779143887815,13.528344804995548
b2c6,b2,old,B_ridge,b2,393.0,680.8830807885563,73.25269231260975
b2c7,b2,new,B_ridge,b2,777.0,1014.8673244779552,30.61355527386811
b2c8,b2,new,B_ridge,b2,904.0,926.9364814987712,2.5372214047313246
b2c9,b2,new,B_ridge,b2,791.0,1071.5665483684554,35.4698544081486
b2c10,b2,old,B_ridge,b2,492.0,620.5744513620789,26.133018569528225
b2c11,b2,old,B_ridge,b2,449.0,649.3272913115007,44.616323231960074
b2c12,b2,old,B_ridge,b2,466.0,513.1630077500661,10.120817113748085
b2c13,b2,old,B_ridge,b2,460.0,572.4150201330816,24.438047855017743
b2c14,b2,old,B_ridge,b2,426.0,484.3276174832166,13.691928986670568
b2c15,b2,old,B_ridge,b2,396.0,662.5409593841399,67.308323076803
b2c16,b2,old,B_ridge,b2,472.0,645.529148004955,36.76465000104979
b2c17,b2,old,B_ridge,b2,471.0,655.4058914179591,39.15199393162613
b2c18,b2,old,B_ridge,b2,449.0,760.6222719733155,69.40362404750901
b2c19,b2,old,B_ridge,b2,392.0,562.2954561743231,43.442718411817125
b2c20,b2,old,B_ridge,b2,489.0,629.6762072777373,28.768140547594534
b2c21,b2,old,B_ridge,b2,408.0,572.7596562668958,40.382268692866624
b2c24,b2,old,B_ridge,b2,514.0,703.143507784045,36.7983478179076
b2c25,b2,old,B_ridge,b2,493.0,668.8093335189836,35.66112241764374
b2c26,b2,old,B_ridge,b2,450.0,529.6359050131772,17.696867780706043
b2c27,b2,old,B_ridge,b2,474.0,647.6467386731027,36.6343330533972
b2c28,b2,old,B_ridge,b2,437.0,620.5455091572707,42.001260676720975
b2c29,b2,old,B_ridge,b2,452.0,652.7454030340133,44.412699786286126
b2c30,b2,old,B_ridge,b2,412.0,516.7974821343369,25.436282071440985
b2c31,b2,old,B_ridge,b2,425.0,586.4182417057905,37.98076275430364
b2c32,b2,new,B_ridge,b2,809.0,923.9092419911774,14.2038618036066
b2c33,b2,new,B_ridge,b2,1140.0,980.76461233725,13.968016461644735
b2c34,b2,new,B_ridge,b2,1186.0,1102.7960141293343,7.015513142551918
b2c41,b2,old,B_ridge,b2,442.0,514.8608704907059,16.48435983952622
b2c42,b2,old,B_ridge,b2,474.0,629.6410312913763,32.835660609994996
b2c43,b2,new,B_ridge,b2,1029.0,1054.5465500830724,2.4826579283840973
b2c44,b2,new,B_ridge,b2,841.0,1063.8072347184218,26.493131357719594
b2c45,b2,new,B_ridge,b2,997.0,952.095290054305,4.503982943399699
b2c46,b2,old,B_ridge,b2,503.0,662.2942932514142,31.6688455768219
b3c0,b3,new,B_ridge,b3,1009.0,998.6495980254009,1.0258079261247863
b3c1,b3,new,B_ridge,b3,1063.0,1019.7859997473014,4.065286947572776
b3c2,b3,new,B_ridge,b3,1267.0,1424.318925035387,12.416647595531737
b3c3,b3,new,B_ridge,b3,1115.0,939.0789728449892,15.77767059686196
b3c4,b3,new,B_ridge,b3,1048.0,970.8800986750856,7.358769210392595
b3c5,b3,new,B_ridge,b3,828.0,942.8355421025038,13.869026823973893
b3c6,b3,new,B_ridge,b3,667.0,641.9919062212357,3.749339397116088
b3c7,b3,new,B_ridge,b3,1836.0,1144.09749035219,37.68532187624237
b3c8,b3,new,B_ridge,b3,828.0,926.6734368437801,11.917081744417887
b3c9,b3,new,B_ridge,b3,1039.0,871.3648408775617,16.134279030071056
b3c10,b3,new,B_ridge,b3,1078.0,1091.0843758923675,1.2137639974366847
b3c11,b3,new,B_ridge,b3,817.0,823.2759066052224,0.7681648231606385
b3c12,b3,new,B_ridge,b3,932.0,848.6341784734807,8.944830635892629
b3c13,b3,new,B_ridge,b3,816.0,922.9481564394123,13.10639172051621
b3c14,b3,new,B_ridge,b3,858.0,883.6555269008305,2.990154650446448
b3c15,b3,new,B_ridge,b3,876.0,882.1269984121861,0.6994290424870022
b3c16,b3,new,B_ridge,b3,1638.0,1270.8632926554083,22.413718397105722
b3c17,b3,new,B_ridge,b3,1315.0,1119.031602188322,14.90253975754205
b3c18,b3,new,B_ridge,b3,1146.0,998.5011483876611,12.870754939994663
b3c19,b3,new,B_ridge,b3,1155.0,957.6364736909436,17.0877511955893
b3c20,b3,new,B_ridge,b3,813.0,912.8968352722505,12.287433612822944
b3c21,b3,new,B_ridge,b3,772.0,718.3937910373165,6.943809451124802
b3c22,b3,new,B_ridge,b3,1002.0,896.5031128553453,10.528631451562346
b3c24,b3,new,B_ridge,b3,825.0,963.8087419215145,16.82530205109267
b3c25,b3,new,B_ridge,b3,989.0,946.829551295069,4.263948301813044
b3c26,b3,new,B_ridge,b3,1028.0,985.5583631488289,4.128563896028316
b3c27,b3,new,B_ridge,b3,850.0,943.8274797383764,11.03852702804428
b3c28,b3,new,B_ridge,b3,541.0,614.190007195991,13.528651977077825
b3c29,b3,new,B_ridge,b3,858.0,911.0289485252616,6.180530131149373
b3c30,b3,new,B_ridge,b3,935.0,933.1720525949164,0.19550239626562474
b3c31,b3,new,B_ridge,b3,731.0,803.866707970998,9.968085905745287
b3c33,b3,new,B_ridge,b3,1284.0,1082.3394262691334,15.705652159724817
b3c34,b3,new,B_ridge,b3,1158.0,1032.1445402827276,10.868347125843906
b3c35,b3,new,B_ridge,b3,1093.0,999.700426574708,8.536100038910522
b3c36,b3,new,B_ridge,b3,923.0,1004.4593514021523,8.82549852677706
b3c37,b3,new,B_ridge,b3,1390.0,1570.505674027808,12.986019714230792
b3c38,b3,new,B_ridge,b3,1935.0,1059.274421209527,45.25713585480481
b3c39,b3,new,B_ridge,b3,1156.0,1133.5877343210163,1.9387773078705588
b3c40,b3,new,B_ridge,b3,796.0,1027.8593381734486,29.128057559478464
b3c41,b3,new,B_ridge,b3,786.0,987.8065142723556,25.67512904228442
b3c42,b3,new,B_ridge,b3,1642.0,1396.1847991790169,14.970475080449644
b3c43,b3,new,B_ridge,b3,1046.0,1171.9874571506798,12.044689976164417
b3c44,b3,new,B_ridge,b3,940.0,944.9407602928094,0.5256127971073815
b3c45,b3,new,B_ridge,b3,1801.0,1159.9867468820703,35.59207402098444
b1c9,b1,old,B_elasticnet,train_cv,1054.0,867.100459716908,17.732404201431883
b1c11,b1,old,B_elasticnet,train_cv,788.0,981.5104445628933,24.557163015595602
b1c14,b1,old,B_elasticnet,train_cv,880.0,909.719916753476,3.3772632674404566
b1c15,b1,old,B_elasticnet,train_cv,719.0,912.1674323170507,26.866124105292172
b1c16,b1,old,B_elasticnet,train_cv,862.0,911.1241392675347,5.698856063519107
b1c17,b1,old,B_elasticnet,train_cv,857.0,855.8515647983213,0.13400644126939257
b1c18,b1,old,B_elasticnet,train_cv,691.0,701.7560913108119,1.556597874213016
b1c19,b1,old,B_elasticnet,train_cv,788.0,691.390990718541,12.260026558560781
b1c20,b1,old,B_elasticnet,train_cv,534.0,601.7189279089827,12.681447173966792
b1c21,b1,old,B_elasticnet,train_cv,559.0,595.7658583171088,6.577076622023048
b1c23,b1,old,B_elasticnet,train_cv,1014.0,847.7623857073756,16.39424204069274
b1c24,b1,old,B_elasticnet,train_cv,1017.0,841.6262945478595,17.24421882518589
b1c25,b1,old,B_elasticnet,train_cv,854.0,882.3958282636704,3.3250384383689005
b1c26,b1,old,B_elasticnet,train_cv,870.0,760.4415226125394,12.592928435340298
b1c27,b1,old,B_elasticnet,train_cv,842.0,789.9196108820785,6.1853193726747655
b1c28,b1,old,B_elasticnet,train_cv,860.0,785.997133904831,8.604984429670813
b1c29,b1,old,B_elasticnet,train_cv,917.0,783.4575601200461,14.56297054307022
b1c30,b1,old,B_elasticnet,train_cv,709.0,773.7945733675682,9.138867893874218
b1c31,b1,old,B_elasticnet,train_cv,876.0,779.1482296078722,11.056138172617333
b1c32,b1,old,B_elasticnet,train_cv,731.0,714.2969559574362,2.2849581453575594
b1c33,b1,old,B_elasticnet,train_cv,757.0,722.0852978212188,4.612245994554984
b1c34,b1,old,B_elasticnet,train_cv,742.0,784.5654282373383,5.736580624978211
b1c35,b1,old,B_elasticnet,train_cv,703.0,753.1724747742911,7.136909640724198
b1c36,b1,old,B_elasticnet,train_cv,704.0,719.7435633341255,2.236301609961008
b1c37,b1,old,B_elasticnet,train_cv,648.0,727.000022152624,12.191361443306166
b1c42,b1,old,B_elasticnet,train_cv,702.0,729.5402460023522,3.923111966147038
b1c43,b1,old,B_elasticnet,train_cv,651.0,742.7261395895681,14.090036803313073
b1c44,b1,old,B_elasticnet,train_cv,616.0,608.6995145594528,1.1851437403485654
b1c45,b1,old,B_elasticnet,train_cv,599.0,610.8281726724578,1.9746532007441993
b1c5,b1,old,B_elasticnet,holdout,1074.0,947.7072144034166,11.759104804151152
b1c6,b1,old,B_elasticnet,holdout,636.0,773.1807052927634,21.56929328502569
b1c7,b1,old,B_elasticnet,holdout,870.0,784.6399792405564,9.811496639016507
b1c38,b1,old,B_elasticnet,holdout,617.0,627.7694154661081,1.7454482116868815
b1c39,b1,old,B_elasticnet,holdout,625.0,656.3383482108088,5.014135713729411
b1c40,b1,old,B_elasticnet,holdout,966.0,890.8425149204826,7.780277958542175
b1c41,b1,old,B_elasticnet,holdout,1051.0,898.4978019006711,14.51019962886098
b2c0,b2,old,B_elasticnet,b2,477.0,638.7444449619455,33.908688671267406
b2c1,b2,old,B_elasticnet,b2,491.0,566.9309146844396,15.464544742248387
b2c2,b2,old,B_elasticnet,b2,424.0,629.2481614725641,48.40758525296323
b2c3,b2,old,B_elasticnet,b2,499.0,641.9300377793954,28.64329414416742
b2c4,b2,old,B_elasticnet,b2,444.0,544.0181205772159,22.526603733607182
b2c5,b2,old,B_elasticnet,b2,416.0,495.09321583411554,19.012792267816238
b2c6,b2,old,B_elasticnet,b2,393.0,657.3153707272726,67.25581952347903
b2c7,b2,new,B_elasticnet,b2,777.0,1027.5175133428452,32.241636208860385
b2c8,b2,new,B_elasticnet,b2,904.0,943.7152386672667,4.393278613635697
b2c9,b2,new,B_elasticnet,b2,791.0,1102.7715075783292,39.414855572481564
b2c10,b2,old,B_elasticnet,b2,492.0,624.6705813250561,26.965565309970753
b2c11,b2,old,B_elasticnet,b2,449.0,638.0808731934986,42.11155304977698
b2c12,b2,old,B_elasticnet,b2,466.0,521.8243016070795,11.979463864180154
b2c13,b2,old,B_elasticnet,b2,460.0,583.3631343031706,26.8180726746023
b2c14,b2,old,B_elasticnet,b2,426.0,505.34135955339076,18.62473228952835
b2c15,b2,old,B_elasticnet,b2,396.0,651.478902754774,64.51487443302373
b2c16,b2,old,B_elasticnet,b2,472.0,642.3100221335181,36.082631807948765
b2c17,b2,old,B_elasticnet,b2,471.0,644.6737073376626,36.87339858549099
b2c18,b2,old,B_elasticnet,b2,449.0,736.2246965512244,63.969865601609
b2c19,b2,old,B_elasticnet,b2,392.0,564.9725370052201,44.125647195209226
b2c20,b2,old,B_elasticnet,b2,489.0,619.595698459223,26.706686801477087
b2c21,b2,old,B_elasticnet,b2,408.0,577.2122986155582,41.473602601852505
b2c24,b2,old,B_elasticnet,b2,514.0,704.4594528453136,37.05436825784312
b2c25,b2,old,B_elasticnet,b2,493.0,658.8276014755287,33.63643031957986
b2c26,b2,old,B_elasticnet,b2,450.0,539.9387116292049,19.98638036204554
b2c27,b2,old,B_elasticnet,b2,474.0,638.532314620282,34.71145878065022
b2c28,b2,old,B_elasticnet,b2,437.0,614.198849892538,40.5489359021826
b2c29,b2,old,B_elasticnet,b2,452.0,647.7219840484804,43.30132390453107
b2c30,b2,old,B_elasticnet,b2,412.0,527.6983853907725,28.08213237640109
b2c31,b2,old,B_elasticnet,b2,425.0,586.2667241947569,37.945111575236915
b2c32,b2,new,B_elasticnet,b2,809.0,960.7450751649044,18.75711683126136
b2c33,b2,new,B_elasticnet,b2,1140.0,1024.3937797795415,10.140896510566531
b2c34,b2,new,B_elasticnet,b2,1186.0,1175.20297624819,0.910372997623103
b2c41,b2,old,B_elasticnet,b2,442.0,522.5064604700863,18.214131328073815
b2c42,b2,old,B_elasticnet,b2,474.0,637.2560341755184,34.44220130285198
b2c43,b2,new,B_elasticnet,b2,1029.0,1056.5384400050323,2.6762332366406483
b2c44,b2,new,B_elasticnet,b2,841.0,1115.292300757007,32.61501792592236
b2c45,b2,new,B_elasticnet,b2,997.0,987.2269794959236,0.9802427787438702
b2c46,b2,old,B_elasticnet,b2,503.0,647.8836141154648,28.803899426533746
b3c0,b3,new,B_elasticnet,b3,1009.0,1033.7353374132474,2.451470506763866
b3c1,b3,new,B_elasticnet,b3,1063.0,1060.5475727259513,0.23070811609112507
b3c2,b3,new,B_elasticnet,b3,1267.0,1468.0509718589085,15.868269286417402
b3c3,b3,new,B_elasticnet,b3,1115.0,952.8373385293686,14.543736454765149
b3c4,b3,new,B_elasticnet,b3,1048.0,991.2690240342964,5.413261065429731
b3c5,b3,new,B_elasticnet,b3,828.0,953.0794315603325,15.106211541102962
b3c6,b3,new,B_elasticnet,b3,667.0,654.3573764209707,1.8954458139474222
b3c7,b3,new,B_elasticnet,b3,1836.0,1208.0461949087223,34.202276965755864
b3c8,b3,new,B_elasticnet,b3,828.0,938.7060253623137,13.370292918153822
b3c9,b3,new,B_elasticnet,b3,1039.0,876.3336984263178,15.65604442480098
b3c10,b3,new,B_elasticnet,b3,1078.0,1149.2522595565874,6.609671572967295
b3c11,b3,new,B_elasticnet,b3,817.0,823.002113809749,0.7346528530904466
b3c12,b3,new,B_elasticnet,b3,932.0,856.0261963588497,8.151695669651321
b3c13,b3,new,B_elasticnet,b3,816.0,939.4016025629213,15.12274541212271
b3c14,b3,new,B_elasticnet,b3,858.0,885.803032517253,3.2404466803325143
b3c15,b3,new,B_elasticnet,b3,876.0,886.1658606093183,1.1604863709267483
b3c16,b3,new,B_elasticnet,b3,1638.0,1376.9148111780523,15.939266716846623
b3c17,b3,new,B_elasticnet,b3,1315.0,1171.2922923883086,10.928342784159039
b3c18,b3,new,B_elasticnet,b3,1146.0,1039.122025507655,9.326175784672335
b3c19,b3,new,B_elasticnet,b3,1155.0,986.8236533357087,14.56072265491699
b3c20,b3,new,B_elasticnet,b3,813.0,923.2201401428512,13.55721280969879
b3c21,b3,new,B_elasticnet,b3,772.0,733.0673450475169,5.043090019751692
b3c22,b3,new,B_elasticnet,b3,1002.0,912.1152019473055,8.97053872781382
b3c24,b3,new,B_elasticnet,b3,825.0,977.5618439607514,18.49234472251532
b3c25,b3,new,B_elasticnet,b3,989.0,970.4488647571212,1.875746738410393
b3c26,b3,new,B_elasticnet,b3,1028.0,1016.8308578132697,1.0864924306157835
b3c27,b3,new,B_elasticnet,b3,850.0,960.8751878603966,13.044139748281957
b3c28,b3,new,B_elasticnet,b3,541.0,624.2985525737016,15.397144653179595
b3c29,b3,new,B_elasticnet,b3,858.0,920.8740670453453,7.32797984211484
b3c30,b3,new,B_elasticnet,b3,935.0,943.5920893695667,0.9189400395258481
b3c31,b3,new,B_elasticnet,b3,731.0,799.8219727669887,9.4147705563596
b3c33,b3,new,B_elasticnet,b3,1284.0,1137.2462580483968,11.42941915510928
b3c34,b3,new,B_elasticnet,b3,1158.0,1074.6415864085914,7.198481311866031
b3c35,b3,new,B_elasticnet,b3,1093.0,1027.744331311463,5.970326503983263
b3c36,b3,new,B_elasticnet,b3,923.0,1039.3752502739014,12.608369477129083
b3c37,b3,new,B_elasticnet,b3,1390.0,1780.5638835422774,28.09812111814945
b3c38,b3,new,B_elasticnet,b3,1935.0,1100.5593307545757,43.12354879821314
b3c39,b3,new,B_elasticnet,b3,1156.0,1182.6956138026044,2.309309152474428
b3c40,b3,new,B_elasticnet,b3,796.0,1067.053654831172,34.05196668733317
b3c41,b3,new,B_elasticnet,b3,786.0,1016.8147580910892,29.365745304209817
b3c42,b3,new,B_elasticnet,b3,1642.0,1145.6490076845057,30.22844045770367
b3c43,b3,new,B_elasticnet,b3,1046.0,1098.06220450749,4.977266205304964
b3c44,b3,new,B_elasticnet,b3,940.0,962.3268896062767,2.3752010219443322
b3c45,b3,new,B_elasticnet,b3,1801.0,1232.8760767387025,31.54491522827859
b1c9,b1,old,C_elasticnet,train_cv,1054.0,910.8576166834061,13.580871282409285
b1c11,b1,old,C_elasticnet,train_cv,788.0,844.6209655613552,7.185401720984164
b1c14,b1,old,C_elasticnet,train_cv,880.0,866.3910407658411,1.5464726402453266
b1c15,b1,old,C_elasticnet,train_cv,719.0,759.9199315778311,5.691228314023798
b1c16,b1,old,C_elasticnet,train_cv,862.0,965.06294085686,11.95625764000696
b1c17,b1,old,C_elasticnet,train_cv,857.0,823.1828157385457,3.945995829807965
b1c18,b1,old,C_elasticnet,train_cv,691.0,634.5691504930838,8.166548409105088
b1c19,b1,old,C_elasticnet,train_cv,788.0,718.6900581819741,8.795677895688565
b1c20,b1,old,C_elasticnet,train_cv,534.0,520.0342343798413,2.61531191388739
b1c21,b1,old,C_elasticnet,train_cv,559.0,555.7789393367423,0.5762183655201665
b1c23,b1,old,C_elasticnet,train_cv,1014.0,917.5726909406083,9.509596554180645
b1c24,b1,old,C_elasticnet,train_cv,1017.0,860.3354895412682,15.404573299776972
b1c25,b1,old,C_elasticnet,train_cv,854.0,921.1230161996226,7.859837962485083
b1c26,b1,old,C_elasticnet,train_cv,870.0,848.5896935626303,2.460954762916062
b1c27,b1,old,C_elasticnet,train_cv,842.0,825.5940927197847,1.9484450451562083
b1c28,b1,old,C_elasticnet,train_cv,860.0,805.5384905212424,6.332733660320657
b1c29,b1,old,C_elasticnet,train_cv,917.0,814.8034086082988,11.144666454929245
b1c30,b1,old,C_elasticnet,train_cv,709.0,791.6515159841699,11.657477571815221
b1c31,b1,old,C_elasticnet,train_cv,876.0,943.7128087632818,7.729772689872355
b1c32,b1,old,C_elasticnet,train_cv,731.0,707.8784776252335,3.162998956876406
b1c33,b1,old,C_elasticnet,train_cv,757.0,786.101440823028,3.8443118656576014
b1c34,b1,old,C_elasticnet,train_cv,742.0,762.1794512089087,2.7196025888017177
b1c35,b1,old,C_elasticnet,train_cv,703.0,733.6991109072723,4.366872106297618
b1c36,b1,old,C_elasticnet,train_cv,704.0,714.0308385970566,1.4248350279909905
b1c37,b1,old,C_elasticnet,train_cv,648.0,696.9075040016193,7.54745432123754
b1c42,b1,old,C_elasticnet,train_cv,702.0,716.8294773429333,2.112461159962005
b1c43,b1,old,C_elasticnet,train_cv,651.0,700.6827867225975,7.631764473517279
b1c44,b1,old,C_elasticnet,train_cv,616.0,623.6373694576135,1.239832704158043
b1c45,b1,old,C_elasticnet,train_cv,599.0,608.5085094012637,1.5873972289254963
b1c5,b1,old,C_elasticnet,holdout,1074.0,1002.7033768114691,6.638419291297107
b1c6,b1,old,C_elasticnet,holdout,636.0,731.3085291819426,14.985617795902929
b1c7,b1,old,C_elasticnet,holdout,870.0,876.9841294879685,0.8027735043641973
b1c38,b1,old,C_elasticnet,holdout,617.0,595.9177450484984,3.416897074797661
b1c39,b1,old,C_elasticnet,holdout,625.0,640.1972702370157,2.43156323792251
b1c40,b1,old,C_elasticnet,holdout,966.0,996.1740942905424,3.1236122453977613
b1c41,b1,old,C_elasticnet,holdout,1051.0,968.2353031341186,7.874852223204703
b2c0,b2,old,C_elasticnet,b2,477.0,628.2169243712059,31.701661293753858
b2c1,b2,old,C_elasticnet,b2,491.0,624.6143334515809,27.21269520398797
b2c2,b2,old,C_elasticnet,b2,424.0,592.6003554588884,39.76423477803973
b2c3,b2,old,C_elasticnet,b2,499.0,485.2403222732094,2.757450446250618
b2c4,b2,old,C_elasticnet,b2,444.0,603.7375724839222,35.97693073962213
b2c5,b2,old,C_elasticnet,b2,416.0,545.2820629452011,31.077418977211806
b2c6,b2,old,C_elasticnet,b2,393.0,531.1396951207054,35.15004964903444
b2c7,b2,new,C_elasticnet,b2,777.0,879.456285229112,13.186137095123815
b2c8,b2,new,C_elasticnet,b2,904.0,1069.9581361600992,18.358200902665843
b2c9,b2,new,C_elasticnet,b2,791.0,1217.3370362724497,53.89848751864093
b2c10,b2,old,C_elasticnet,b2,492.0,646.7718505136643,31.457693193834203
b2c11,b2,old,C_elasticnet,b2,449.0,504.625944381897,12.388851755433631
b2c12,b2,old,C_elasticnet,b2,466.0,502.9483870663324,7.928838426251581
b2c13,b2,old,C_elasticnet,b2,460.0,629.0306733808309,36.745798561050194
b2c14,b2,old,C_elasticnet,b2,426.0,512.5767798772313,20.32318776460828
b2c15,b2,old,C_elasticnet,b2,396.0,517.8228219161742,30.76333886772077
b2c16,b2,old,C_elasticnet,b2,472.0,629.9631539631365,33.466769907444174
b2c17,b2,old,C_elasticnet,b2,471.0,433.25430388368414,8.013948220024597
b2c18,b2,old,C_elasticnet,b2,449.0,574.844845585681,28.02780525293564
b2c19,b2,old,C_elasticnet,b2,392.0,468.44265501215943,19.500677299020264
b2c20,b2,old,C_elasticnet,b2,489.0,572.2506579321215,17.024674423746728
b2c21,b2,old,C_elasticnet,b2,408.0,533.55021792399,30.772112236272054
b2c24,b2,old,C_elasticnet,b2,514.0,638.6549825633085,24.2519421329394
b2c25,b2,old,C_elasticnet,b2,493.0,655.338311587187,32.928663607948685
b2c26,b2,old,C_elasticnet,b2,450.0,598.1347055372336,32.91882345271857
b2c27,b2,old,C_elasticnet,b2,474.0,523.4706704871281,10.436850313740113
b2c28,b2,old,C_elasticnet,b2,437.0,553.0031478606319,26.545342759869996
b2c29,b2,old,C_elasticnet,b2,452.0,527.872432083287,16.785936301612164
b2c30,b2,old,C_elasticnet,b2,412.0,530.8676882752002,28.85138064932043
b2c31,b2,old,C_elasticnet,b2,425.0,615.9971965840051,44.94051684329532
b2c32,b2,new,C_elasticnet,b2,809.0,998.5498680295681,23.43014437942745
b2c33,b2,new,C_elasticnet,b2,1140.0,1139.6633447883437,0.029531158917219916
b2c34,b2,new,C_elasticnet,b2,1186.0,1270.0275390602148,7.084952703222163
b2c41,b2,old,C_elasticnet,b2,442.0,532.1975048736213,20.406675310774038
b2c42,b2,old,C_elasticnet,b2,474.0,554.7345278168247,17.03260080523727
b2c43,b2,new,C_elasticnet,b2,1029.0,1180.439324287814,14.717135499301662
b2c44,b2,new,C_elasticnet,b2,841.0,1451.6802563635592,72.61358577450169
b2c45,b2,new,C_elasticnet,b2,997.0,1266.5373145370256,27.034835961587323
b2c46,b2,old,C_elasticnet,b2,503.0,673.7733535745106,33.950964925350014
b3c0,b3,new,C_elasticnet,b3,1009.0,1072.288358369852,6.272384377586912
b3c1,b3,new,C_elasticnet,b3,1063.0,1085.0017640963238,2.069780253652283
b3c2,b3,new,C_elasticnet,b3,1267.0,821.2037166310103,35.18518416487685
b3c3,b3,new,C_elasticnet,b3,1115.0,938.7482413182415,15.80733261719807
b3c4,b3,new,C_elasticnet,b3,1048.0,1070.955727607423,2.190432023609054
b3c5,b3,new,C_elasticnet,b3,828.0,927.1558379899317,11.975342752407208
b3c6,b3,new,C_elasticnet,b3,667.0,596.1179791233244,10.626989636682998
b3c7,b3,new,C_elasticnet,b3,1836.0,1344.0217901426493,26.796198793973353
b3c8,b3,new,C_elasticnet,b3,828.0,947.9667172098732,14.488733962545073
b3c9,b3,new,C_elasticnet,b3,1039.0,908.1484352863881,12.593990829029057
b3c10,b3,new,C_elasticnet,b3,1078.0,1219.5213701849484,13.128141946655697
b3c11,b3,new,C_elasticnet,b3,817.0,845.631781326839,3.504501998389109
b3c12,b3,new,C_elasticnet,b3,932.0,927.5561482211278,0.47680813078027445
b3c13,b3,new,C_elasticnet,b3,816.0,932.6603712314943,14.296614121506657
b3c14,b3,new,C_elasticnet,b3,858.0,899.7852635729068,4.870077339499632
b3c15,b3,new,C_elasticnet,b3,876.0,932.5354394957546,6.453817294035918
b3c16,b3,new,C_elasticnet,b3,1638.0,1425.2396733058533,12.989030933708587
b3c17,b3,new,C_elasticnet,b3,1315.0,1201.8137737152642,8.607317588192833
b3c18,b3,new,C_elasticnet,b3,1146.0,1115.5248934474132,2.659258861482268
b3c19,b3,new,C_elasticnet,b3,1155.0,1086.7086207047812,5.912673532053576
b3c20,b3,new,C_elasticnet,b3,813.0,936.9105760423184,15.241153264737816
b3c21,b3,new,C_elasticnet,b3,772.0,701.9294105109963,9.076501229145562
b3c22,b3,new,C_elasticnet,b3,1002.0,894.726386877606,10.70594941341257
b3c24,b3,new,C_elasticnet,b3,825.0,860.1024040442077,4.254836853843354
b3c25,b3,new,C_elasticnet,b3,989.0,912.0495190296199,7.780635082950467
b3c26,b3,new,C_elasticnet,b3,1028.0,1052.911640865693,2.4233113682580756
b3c27,b3,new,C_elasticnet,b3,850.0,913.4220131381035,7.461413310365114
b3c28,b3,new,C_elasticnet,b3,541.0,530.2393870280466,1.989022730490458
b3c29,b3,new,C_elasticnet,b3,858.0,892.0780079101842,3.971795793727759
b3c30,b3,new,C_elasticnet,b3,935.0,960.099693613826,2.6844592100348716
b3c31,b3,new,C_elasticnet,b3,731.0,800.2194091321842,9.469139416167467
b3c33,b3,new,C_elasticnet,b3,1284.0,1166.2118499673743,9.173531934005117
b3c34,b3,new,C_elasticnet,b3,1158.0,1119.867911789955,3.2929264430090597
b3c35,b3,new,C_elasticnet,b3,1093.0,1092.155664546726,0.07724935528581614
b3c36,b3,new,C_elasticnet,b3,923.0,1020.467993403495,10.559912611429581
b3c37,b3,new,C_elasticnet,b3,1390.0,580.9188111640794,58.20727977236838
b3c38,b3,new,C_elasticnet,b3,1935.0,1234.5697834459281,36.19794400796237
b3c39,b3,new,C_elasticnet,b3,1156.0,1074.2694430404385,7.070117384045109
b3c40,b3,new,C_elasticnet,b3,796.0,1030.6006143202744,29.472438984959098
b3c41,b3,new,C_elasticnet,b3,786.0,905.5210108108596,15.206235472119541
b3c42,b3,new,C_elasticnet,b3,1642.0,471.5790218383091,71.28020573457314
b3c43,b3,new,C_elasticnet,b3,1046.0,748.4511173760899,28.4463558913872
b3c44,b3,new,C_elasticnet,b3,940.0,993.8241484930955,5.725973243946335
b3c45,b3,new,C_elasticnet,b3,1801.0,1426.6354696777667,20.786481417114565
b1c9,b1,old,B_rf,train_cv,1054.0,836.8534527579254,20.602139207027946
b1c11,b1,old,B_rf,train_cv,788.0,923.7364999379018,17.225444154556072
b1c14,b1,old,B_rf,train_cv,880.0,915.1883676661434,3.9986781438799373
b1c15,b1,old,B_rf,train_cv,719.0,905.8679956525181,25.989985487137425
b1c16,b1,old,B_rf,train_cv,862.0,904.0021640415396,4.872640840085797
b1c17,b1,old,B_rf,train_cv,857.0,872.4757456903665,1.8058046313146403
b1c18,b1,old,B_rf,train_cv,691.0,686.3813883875758,0.6683953129412679
b1c19,b1,old,B_rf,train_cv,788.0,683.1008813949688,13.312070888963346
b1c20,b1,old,B_rf,train_cv,534.0,643.59272760413,20.52298269740262
b1c21,b1,old,B_rf,train_cv,559.0,643.59272760413,15.132867192152059
b1c23,b1,old,B_rf,train_cv,1014.0,859.8386313325256,15.20329079560892
b1c24,b1,old,B_rf,train_cv,1017.0,868.2408078613427,14.627255864174762
b1c25,b1,old,B_rf,train_cv,854.0,871.0440947268102,1.9957956354578639
b1c26,b1,old,B_rf,train_cv,870.0,862.2801584869262,0.8873381049510102
b1c27,b1,old,B_rf,train_cv,842.0,883.9213236403443,4.978779529732106
b1c28,b1,old,B_rf,train_cv,860.0,837.0748104834697,2.665719711224451
b1c29,b1,old,B_rf,train_cv,917.0,839.8458186992553,8.413760229088838
b1c30,b1,old,B_rf,train_cv,709.0,768.6474798667875,8.412902661041965
b1c31,b1,old,B_rf,train_cv,876.0,772.9573931690251,11.762854661070197
b1c32,b1,old,B_rf,train_cv,731.0,688.0420243244796,5.876604059578714
b1c33,b1,old,B_rf,train_cv,757.0,682.4407748131109,9.849303195097633
b1c34,b1,old,B_rf,train_cv,742.0,882.350189310288,18.915119853138542
b1c35,b1,old,B_rf,train_cv,703.0,832.4980747969496,18.420778776237494
b1c36,b1,old,B_rf,train_cv,704.0,715.2735180126057,1.6013519904269427
b1c37,b1,old,B_rf,train_cv,648.0,723.4106807334674,11.637450730473367
b1c42,b1,old,B_rf,train_cv,702.0,713.7015821358076,1.6668920421378346
b1c43,b1,old,B_rf,train_cv,651.0,725.059258400271,11.376230169012443
b1c44,b1,old,B_rf,train_cv,616.0,599.7701069480715,2.6347228980403337
b1c45,b1,old,B_rf,train_cv,599.0,599.7701069480715,0.12856543373481522
b1c5,b1,old,B_rf,holdout,1074.0,858.85150012583,20.032448777855684
b1c6,b1,old,B_rf,holdout,636.0,773.4757664002071,21.61568654091307
b1c7,b1,old,B_rf,holdout,870.0,838.6593921358616,3.602368720015909
b1c38,b1,old,B_rf,holdout,617.0,588.3596356782408,4.641874282294845
b1c39,b1,old,B_rf,holdout,625.0,630.2600825134117,0.8416132021458725
b1c40,b1,old,B_rf,holdout,966.0,902.8633064650711,6.535889599889119
b1c41,b1,old,B_rf,holdout,1051.0,901.6782353822197,14.207589402262638
b2c0,b2,old,B_rf,b2,477.0,597.975508280627,25.36174177790922
b2c1,b2,old,B_rf,b2,491.0,592.4169059902362,20.655174336096977
b2c2,b2,old,B_rf,b2,424.0,600.5481233209711,41.6387083304177
b2c3,b2,old,B_rf,b2,499.0,631.7000884427765,26.593204096748803
b2c4,b2,old,B_rf,b2,444.0,592.4169059902362,33.427231078882016
b2c5,b2,old,B_rf,b2,416.0,592.4169059902362,42.40791009380677
b2c6,b2,old,B_rf,b2,393.0,653.5453948651908,66.29653813363635
b2c7,b2,new,B_rf,b2,777.0,894.4658333429412,15.117867869104403
b2c8,b2,new,B_rf,b2,904.0,926.7970845299396,2.5218013860552695
b2c9,b2,new,B_rf,b2,791.0,894.4658333429412,13.080383482040608
b2c10,b2,old,B_rf,b2,492.0,595.0782111980604,20.95085593456513
b2c11,b2,old,B_rf,b2,449.0,605.6348803376276,34.88527401728899
b2c12,b2,old,B_rf,b2,466.0,592.4169059902362,27.128091414213767
b2c13,b2,old,B_rf,b2,460.0,592.4169059902362,28.786283910920908
b2c14,b2,old,B_rf,b2,426.0,592.4169059902362,39.06500140615872
b2c15,b2,old,B_rf,b2,396.0,609.066512051053,53.80467476036692
b2c16,b2,old,B_rf,b2,472.0,597.4639700858806,26.581349594466236
b2c17,b2,old,B_rf,b2,471.0,600.808845089794,27.56026435027473
b2c18,b2,old,B_rf,b2,449.0,714.4554796304645,59.121487668254915
b2c19,b2,old,B_rf,b2,392.0,592.4169059902362,51.12676173220309
b2c20,b2,old,B_rf,b2,489.0,599.2827563705249,22.552710914217773
b2c21,b2,old,B_rf,b2,408.0,592.4169059902362,45.200222056430434
b2c24,b2,old,B_rf,b2,514.0,691.3642108222655,34.50665580199718
b2c25,b2,old,B_rf,b2,493.0,628.6286381996601,27.51087995936311
b2c26,b2,old,B_rf,b2,450.0,592.4169059902362,31.648201331163587
b2c27,b2,old,B_rf,b2,474.0,600.808845089794,26.752920905019828
b2c28,b2,old,B_rf,b2,437.0,594.7166982738006,36.09077763702531
b2c29,b2,old,B_rf,b2,452.0,599.3603674159896,32.601851198227784
b2c30,b2,old,B_rf,b2,412.0,592.4169059902362,43.79051116267868
b2c31,b2,old,B_rf,b2,425.0,592.4169059902362,39.392213174173214
b2c32,b2,new,B_rf,b2,809.0,939.2382974366491,16.098677062626585
b2c33,b2,new,B_rf,b2,1140.0,944.7325240054835,17.128725964431275
b2c34,b2,new,B_rf,b2,1186.0,894.4658333429412,24.58129567091558
b2c41,b2,old,B_rf,b2,442.0,592.4169059902362,34.030974205935784
b2c42,b2,old,B_rf,b2,474.0,595.3365582609962,25.598430012868395
b2c43,b2,new,B_rf,b2,1029.0,894.4658333429412,13.074263037615042
b2c44,b2,new,B_rf,b2,841.0,894.4658333429412,6.357411812478146
b2c45,b2,new,B_rf,b2,997.0,926.7970845299396,7.041415794389204
b2c46,b2,old,B_rf,b2,503.0,622.9657378829709,23.85004729283715
b3c0,b3,new,B_rf,b3,1009.0,894.4658333429412,11.351255367399284
b3c1,b3,new,B_rf,b3,1063.0,894.4658333429412,15.854578236788223
b3c2,b3,new,B_rf,b3,1267.0,894.4658333429412,29.40285451121222
b3c3,b3,new,B_rf,b3,1115.0,894.22329696438,19.8006011691139
b3c4,b3,new,B_rf,b3,1048.0,894.4658333429412,14.65020674208576
b3c5,b3,new,B_rf,b3,828.0,938.5836963993245,13.355518888807305
b3c6,b3,new,B_rf,b3,667.0,599.3582114293587,10.141197686752822
b3c7,b3,new,B_rf,b3,1836.0,894.4658333429412,51.281817356048954
b3c8,b3,new,B_rf,b3,828.0,946.1991661170019,14.275261608333567
b3c9,b3,new,B_rf,b3,1039.0,884.0537474949751,14.913017565449938
b3c10,b3,new,B_rf,b3,1078.0,894.4658333429412,17.02543289954163
b3c11,b3,new,B_rf,b3,817.0,875.2327015364358,7.127625647054566
b3c12,b3,new,B_rf,b3,932.0,879.9868808984951,5.5808067705477375
b3c13,b3,new,B_rf,b3,816.0,946.1991661170019,15.955780161397296
b3c14,b3,new,B_rf,b3,858.0,884.7082079153769,3.11284474538192
b3c15,b3,new,B_rf,b3,876.0,884.7082079153769,0.9940876615727026
b3c16,b3,new,B_rf,b3,1638.0,894.4658333429412,45.392806267219704
b3c17,b3,new,B_rf,b3,1315.0,894.4658333429412,31.979784536658464
b3c18,b3,new,B_rf,b3,1146.0,894.4658333429412,21.948880162047015
b3c19,b3,new,B_rf,b3,1155.0,944.7325240054835,18.204976276581515
b3c20,b3,new,B_rf,b3,813.0,948.6142362216535,16.68071786244201
b3c21,b3,new,B_rf,b3,772.0,673.7810686721667,12.722659498424
b3c22,b3,new,B_rf,b3,1002.0,927.2625457978846,7.458827764682173
b3c24,b3,new,B_rf,b3,825.0,894.4658333429412,8.4201010112656
b3c25,b3,new,B_rf,b3,989.0,894.22329696438,9.583084230093025
b3c26,b3,new,B_rf,b3,1028.0,894.4658333429412,12.989704927729454
b3c27,b3,new,B_rf,b3,850.0,894.22329696438,5.202740819338821
b3c28,b3,new,B_rf,b3,541.0,594.2207406464778,9.83747516570754
b3c29,b3,new,B_rf,b3,858.0,942.7491550329867,9.877523896618493
b3c30,b3,new,B_rf,b3,935.0,926.7970845299396,0.8773171625733007
b3c31,b3,new,B_rf,b3,731.0,874.8446330704865,19.677788381735493
b3c33,b3,new,B_rf,b3,1284.0,894.4658333429412,30.33755192033168
b3c34,b3,new,B_rf,b3,1158.0,894.4658333429412,22.75770005674083
b3c35,b3,new,B_rf,b3,1093.0,894.4658333429412,18.164150654808672
b3c36,b3,new,B_rf,b3,923.0,894.4658333429412,3.091459009432155
b3c37,b3,new,B_rf,b3,1390.0,894.4658333429412,35.64994004727042
b3c38,b3,new,B_rf,b3,1935.0,894.4658333429412,53.7743755378325
b3c39,b3,new,B_rf,b3,1156.0,894.4658333429412,22.62406285960716
b3c40,b3,new,B_rf,b3,796.0,894.4658333429412,12.370079565696132
b3c41,b3,new,B_rf,b3,786.0,894.4658333429412,13.79972434388565
b3c42,b3,new,B_rf,b3,1642.0,894.4658333429412,45.52583231772587
b3c43,b3,new,B_rf,b3,1046.0,894.4658333429412,14.487014020751317
b3c44,b3,new,B_rf,b3,940.0,927.0484557582514,1.3778238555051694
b3c45,b3,new,B_rf,b3,1801.0,894.4658333429412,50.33504534464514
b1c9,b1,old,B_gbr,train_cv,1054.0,862.7478767135686,18.145362740648135
b1c11,b1,old,B_gbr,train_cv,788.0,802.2723314158286,1.8112095705366247
b1c14,b1,old,B_gbr,train_cv,880.0,919.1433882302017,4.448112298886557
b1c15,b1,old,B_gbr,train_cv,719.0,898.0504971887137,24.902711709139602
b1c16,b1,old,B_gbr,train_cv,862.0,916.865092556882,6.364859925392345
b1c17,b1,old,B_gbr,train_cv,857.0,844.7675382084981,1.4273584354144597
b1c18,b1,old,B_gbr,train_cv,691.0,705.8279348517141,2.1458661145751194
b1c19,b1,old,B_gbr,train_cv,788.0,705.8279348517141,10.427927049274864
b1c20,b1,old,B_gbr,train_cv,534.0,637.0446075774744,19.2967429920364
b1c21,b1,old,B_gbr,train_cv,559.0,637.0446075774744,13.961468260728868
b1c23,b1,old,B_gbr,train_cv,1014.0,862.7478767135686,14.916382967103683
b1c24,b1,old,B_gbr,train_cv,1017.0,844.7675382084981,16.93534530889891
b1c25,b1,old,B_gbr,train_cv,854.0,844.7675382084981,1.0810845189112317
b1c26,b1,old,B_gbr,train_cv,870.0,862.7478767135686,0.8335773892449834
b1c27,b1,old,B_gbr,train_cv,842.0,862.7478767135686,2.464118374533093
b1c28,b1,old,B_gbr,train_cv,860.0,827.0481983787502,3.8316048396802147
b1c29,b1,old,B_gbr,train_cv,917.0,827.0481983787502,9.8093567744002
b1c30,b1,old,B_gbr,train_cv,709.0,745.0634017753101,5.086516470424559
b1c31,b1,old,B_gbr,train_cv,876.0,745.0634017753101,14.94710025396003
b1c32,b1,old,B_gbr,train_cv,731.0,703.407629193272,3.774606129511356
b1c33,b1,old,B_gbr,train_cv,757.0,703.407629193272,7.079573422289037
b1c34,b1,old,B_gbr,train_cv,742.0,862.7478767135686,16.273298748459386
b1c35,b1,old,B_gbr,train_cv,703.0,862.7478767135686,22.72373779709369
b1c36,b1,old,B_gbr,train_cv,704.0,719.3873046205595,2.185696679056742
b1c37,b1,old,B_gbr,train_cv,648.0,719.3873046205595,11.016559355024608
b1c42,b1,old,B_gbr,train_cv,702.0,720.3216369936873,2.6099197996705583
b1c43,b1,old,B_gbr,train_cv,651.0,720.3216369936873,10.64848494526687
b1c44,b1,old,B_gbr,train_cv,616.0,575.8095892575323,6.524417328322686
b1c45,b1,old,B_gbr,train_cv,599.0,575.8095892575323,3.8715209920647324
b1c5,b1,old,B_gbr,holdout,1074.0,811.0858763844201,24.479899777986958
b1c6,b1,old,B_gbr,holdout,636.0,712.3545443130326,12.005431495759849
b1c7,b1,old,B_gbr,holdout,870.0,825.4347394032858,5.12244374674876
b1c38,b1,old,B_gbr,holdout,617.0,627.7064699232265,1.7352463408794896
b1c39,b1,old,B_gbr,holdout,625.0,649.1674435256614,3.8667909641058213
b1c40,b1,old,B_gbr,holdout,966.0,903.0601938186323,6.515507886269944
b1c41,b1,old,B_gbr,holdout,1051.0,903.0601938186323,14.076099541519282
b2c0,b2,old,B_gbr,b2,477.0,629.0898291403774,31.88466019714412
b2c1,b2,old,B_gbr,b2,491.0,586.1401167367346,19.376805852695444
b2c2,b2,old,B_gbr,b2,424.0,635.0213467946654,49.769185564779576
b2c3,b2,old,B_gbr,b2,499.0,657.2808902396247,31.719617282489914
b2c4,b2,old,B_gbr,b2,444.0,586.1401167367346,32.013539805570865
b2c5,b2,old,B_gbr,b2,416.0,586.1401167367346,40.899066523253516
b2c6,b2,old,B_gbr,b2,393.0,661.4649935737245,68.311703199421
b2c7,b2,new,B_gbr,b2,777.0,870.3865706715186,12.018863664288109
b2c8,b2,new,B_gbr,b2,904.0,936.0003844265048,3.539865533905393
b2c9,b2,new,B_gbr,b2,791.0,870.3865706715186,10.036228909167964
b2c10,b2,old,B_gbr,b2,492.0,629.0898291403774,27.863786410645826
b2c11,b2,old,B_gbr,b2,449.0,631.0045130088091,40.53552628258555
b2c12,b2,old,B_gbr,b2,466.0,586.1401167367346,25.781140930629746
b2c13,b2,old,B_gbr,b2,460.0,586.1401167367346,27.42176450798579
b2c14,b2,old,B_gbr,b2,426.0,586.1401167367346,37.591576698763994
b2c15,b2,old,B_gbr,b2,396.0,635.0213467946654,60.35892595824885
b2c16,b2,old,B_gbr,b2,472.0,633.0944744763996,34.13018527042364
b2c17,b2,old,B_gbr,b2,471.0,635.0213467946654,34.82406513687164
b2c18,b2,old,B_gbr,b2,449.0,705.2456622050959,57.070303386435604
b2c19,b2,old,B_gbr,b2,392.0,586.1401167367346,49.525539983860874
b2c20,b2,old,B_gbr,b2,489.0,616.8099672039089,26.137007608161323
b2c21,b2,old,B_gbr,b2,408.0,586.1401167367346,43.66179331782711
b2c24,b2,old,B_gbr,b2,514.0,705.2456622050959,37.207327277256006
b2c25,b2,old,B_gbr,b2,493.0,635.0213467946654,28.807575414739432
b2c26,b2,old,B_gbr,b2,450.0,586.1401167367346,30.253359274829915
b2c27,b2,old,B_gbr,b2,474.0,635.0213467946654,33.97074826891676
b2c28,b2,old,B_gbr,b2,437.0,629.0898291403774,43.95648264081864
b2c29,b2,old,B_gbr,b2,452.0,635.0213467946654,40.491448405899426
b2c30,b2,old,B_gbr,b2,412.0,586.1401167367346,42.267018625421024
b2c31,b2,old,B_gbr,b2,425.0,586.1401167367346,37.91532158511403
b2c32,b2,new,B_gbr,b2,809.0,936.0003844265048,15.69844059660133
b2c33,b2,new,B_gbr,b2,1140.0,974.2699064396702,14.53772750529209
b2c34,b2,new,B_gbr,b2,1186.0,870.3865706715186,26.611587633092864
b2c41,b2,old,B_gbr,b2,442.0,586.1401167367346,32.61088613953272
b2c42,b2,old,B_gbr,b2,474.0,633.0944744763996,33.56423512160329
b2c43,b2,new,B_gbr,b2,1029.0,870.3865706715186,15.414327437170206
b2c44,b2,new,B_gbr,b2,841.0,870.3865706715186,3.4942414591579785
b2c45,b2,new,B_gbr,b2,997.0,974.2699064396702,2.2798489027412043
b2c46,b2,old,B_gbr,b2,503.0,661.4649935737245,31.503974865551598
b3c0,b3,new,B_gbr,b3,1009.0,870.3865706715186,13.737703600444142
b3c1,b3,new,B_gbr,b3,1063.0,870.3865706715186,18.11979579759938
b3c2,b3,new,B_gbr,b3,1267.0,870.3865706715186,31.303348802563647
b3c3,b3,new,B_gbr,b3,1115.0,836.1976074221033,25.00469888591002
b3c4,b3,new,B_gbr,b3,1048.0,870.3865706715186,16.9478463099696
b3c5,b3,new,B_gbr,b3,828.0,936.0003844265048,13.043524689191397
b3c6,b3,new,B_gbr,b3,667.0,633.0944744763996,5.083287184947591
b3c7,b3,new,B_gbr,b3,1836.0,870.3865706715186,52.59332403749899
b3c8,b3,new,B_gbr,b3,828.0,936.0003844265048,13.043524689191397
b3c9,b3,new,B_gbr,b3,1039.0,873.1556751779198,15.961917692211767
b3c10,b3,new,B_gbr,b3,1078.0,870.3865706715186,19.25913073548065
b3c11,b3,new,B_gbr,b3,817.0,873.1556751779198,6.873399654580142
b3c12,b3,new,B_gbr,b3,932.0,873.1556751779198,6.313768757733931
b3c13,b3,new,B_gbr,b3,816.0,936.0003844265048,14.705929464032444
b3c14,b3,new,B_gbr,b3,858.0,873.1556751779198,1.7663957083822563
b3c15,b3,new,B_gbr,b3,876.0,873.1556751779198,0.3246946143927213
b3c16,b3,new,B_gbr,b3,1638.0,870.3865706715186,46.862846723350515
b3c17,b3,new,B_gbr,b3,1315.0,870.3865706715186,33.810907173268546
b3c18,b3,new,B_gbr,b3,1146.0,870.3865706715186,24.05003746321827
b3c19,b3,new,B_gbr,b3,1155.0,974.2699064396702,15.647627148080504
b3c20,b3,new,B_gbr,b3,813.0,936.0003844265048,15.129198576445848
b3c21,b3,new,B_gbr,b3,772.0,677.0517783790478,12.29899243794717
b3c22,b3,new,B_gbr,b3,1002.0,933.7110985107895,6.8152596296617265
b3c24,b3,new,B_gbr,b3,825.0,836.1976074221033,1.3572857481337286
b3c25,b3,new,B_gbr,b3,989.0,836.1976074221033,15.450191362780258
b3c26,b3,new,B_gbr,b3,1028.0,870.3865706715186,15.332045654521536
b3c27,b3,new,B_gbr,b3,850.0,836.1976074221033,1.6238108915172633
b3c28,b3,new,B_gbr,b3,541.0,618.9557224915424,14.409560534481027
b3c29,b3,new,B_gbr,b3,858.0,936.0003844265048,9.090953895863024
b3c30,b3,new,B_gbr,b3,935.0,936.0003844265048,0.10699298679195209
b3c31,b3,new,B_gbr,b3,731.0,873.1556751779198,19.4467407904131
b3c33,b3,new,B_gbr,b3,1284.0,870.3865706715186,32.212883904087334
b3c34,b3,new,B_gbr,b3,1158.0,870.3865706715186,24.837083707122744
b3c35,b3,new,B_gbr,b3,1093.0,870.3865706715186,20.367193900135536
b3c36,b3,new,B_gbr,b3,923.0,870.3865706715186,5.700263199185417
b3c37,b3,new,B_gbr,b3,1390.0,870.3865706715186,37.382261102768446
b3c38,b3,new,B_gbr,b3,1935.0,870.3865706715186,55.018781877440894
b3c39,b3,new,B_gbr,b3,1156.0,870.3865706715186,24.707044059557216
b3c40,b3,new,B_gbr,b3,796.0,870.3865706715186,9.345046566773693
b3c41,b3,new,B_gbr,b3,786.0,870.3865706715186,10.736204920040535
b3c42,b3,new,B_gbr,b3,1642.0,870.3865706715186,46.992291676521404
b3c43,b3,new,B_gbr,b3,1046.0,870.3865706715186,16.789046780925567
b3c44,b3,new,B_gbr,b3,940.0,936.0003844265048,0.42549101845694126
b3c45,b3,new,B_gbr,b3,1801.0,870.3865706715186,51.672039385257165
